商品名,item_id,価格USD,人気度rank,primary_market,区分,出品国,根拠
Leica BLK360 G1 3D Laser Scanner Excellent Condition Near Mint w/ Accessories,358286453220,6600.0,E,mixed_global,優先国,"DE,AU",DE:3 AU:2
Tektronix DPO7254 2.5GHz 4CH Digital Phosphor Oscilloscope DPO7000 w/4 P6139A,358263444562,5800.0,C,unknown,出さない,,非US実績なし
Mitutoyo SURFTEST SJ-410 Surface Roughness Tester Japan 01,358244264123,5000.0,E,unknown,出さない,,非US実績なし
Tektronix TDS3054C Digital Phosphor Oscilloscope 500MHz 4CH P6139A Probes Test,358521324471,4950.0,D,unknown,出さない,,非US実績なし
Tektronix TLA5202B Logic Analyzer 68ch 2GHz Digital Logic Analyzer Tested,358638711967,3280.0,E,unknown,出さない,,非US実績なし
Mitutoyo SJ-310 Surface Roughness Tester Standard Drive 4mN 178-570-22 New,358195739493,2998.0,E,unknown,出さない,,非US実績なし
RION VM-83 Vibration Meter w/ AC Adapter Manual Tested Used Japan,358321256986,2890.0,E,unknown,出さない,,非US実績なし
HIOKI IM3533 LCR Meter 1mHz–200kHz with Calibration Certificate Tested from JPN,357504012041,2790.0,D,mixed_global,優先国,DE,DE:1
Mitutoyo SJ-400 Surftest Surface Roughness Tester 178-946-3 4mN SJ-401 Very Good,358208534918,2780.0,D,unknown,出さない,,非US実績なし
KEYENCE XG-X2700 Image Processing Controller High-Speed Sensor System New,358346794459,2348.0,C,global_only,出さない,,非US実績なし
Mitutoyo SJ-220 Surface Roughness Tester Standard Drive 4mN Model 178-742-11 New,358195666531,2299.0,E,global_only,優先国,DE,DE:1
KEYENCE XG-X2700 High-Speed Vision System Controller New in Box from Japan,357079442078,2250.0,C,global_only,出さない,,非US実績なし
AMETEK JOFRA ITC-650A Temperature Calibrator Calibrated 2024 R3446,358334960391,2200.0,E,unknown,出さない,,非US実績なし
RION NA-28 Sound Level Meter Precision Sound Level Meter Free Shipping Japan,358335153622,2200.0,E,unknown,出さない,,非US実績なし
Nikon COOLSCAN LS-5000 ED Film Scanner w/ SA-21 Adapter Excellent Tested Japan,358223890376,2100.0,D,US_only,優先国,"DE,CA",DE:6 CA:1
MUTEC REF10 NANO 10MHz Reference Master Clock Generator Black w/ Box Japan,358203489136,2000.0,D,unknown,出さない,,非US実績なし
KEYENCE XG-X2700 Vision System Controller XG-H500C H500M Cameras CA-LMHR08 Set,358281642898,2000.0,D,global_only,優先国,DE,DE:4
Thermo Scientific RadEye B20-ER Survey Meter,358062291688,1999.0,E,unknown,出さない,,非US実績なし
Agilent 8164B Lightwave Measurement System w/ 81600B 81636B 81566A Japan,357902546731,1980.0,C,unknown,出さない,,非US実績なし
ENERPAC FSH14 Hydraulic Flange Spreader Tool NEW Sealed Japan,358223525062,1980.0,D,unknown,出さない,,非US実績なし
RION NL-52 Precision Sound Level Meter w/ NX-42EX Option Tested Working,358240066116,1980.0,C,unknown,出さない,,非US実績なし
Anritsu MG3700A Vector Signal Generator OPT 001 002 021 250kHz–3GHz Tested Power,358244105322,1980.0,D,unknown,優先国,DE,DE:2
Anritsu Site Master S331E compact Cable & Antenna Analyzer Calibrated R3366,358120580440,1980.0,E,unknown,優先国,DE,DE:1
Testo 350 Emission Analyzer Kit Control Unit Analyzer Box Software 2022 TestGOOD,358120654421,1980.0,E,unknown,出さない,,非US実績なし
HACH DR3900 VIS Spectrophotometer Water Analysis Lab Instrument,358046641356,1680.0,E,unknown,出さない,,非US実績なし
Hioki FT3470-55 Insulation Tester Used Tested Battery Not Included from Japan,358646779396,1599.0,E,unknown,出さない,,非US実績なし
RENISHAW RMP60M Radio Probe New w/ Batteries & Manual from Japan,358140706429,1580.0,D,unknown,優先国,DE,DE:1
Nikon SUPER COOLSCAN 5000 ED LS-5000ED Film Scanner SA-21 Tested Fair Condition,358487417178,1580.0,C,global_only,優先国,"DE,AU",DE:2 AU:1
Leica DISTO S910 Laser Distance Measurer Unused In Storage From Japan,358598079431,1548.0,E,global_only,出さない,,非US実績なし
Agilent 34980A Multifunction Switch/Measure Unit w/ 34921A Module + 34925T x2,358100344265,1540.0,E,unknown,出さない,,非US実績なし
ADVANTEST R8340A Ultra High Resistance Meter 10fA–20mA Tested from Japan,357218843397,1490.0,A,unknown,優先国,DE,DE:1
Tektronix TLA5202 68 Channel Logic Analyzer Tested Working Power Cord Includ,358544991464,1480.0,E,unknown,出さない,,非US実績なし
RION NL-42 Sound Level Meter Noise Meter w/ Accessories Tested Used Japan,358321144303,1380.0,D,unknown,出さない,,非US実績なし
HIOKI U8553 High-Speed Voltage Unit NEW from Japan,358526485672,1380.0,E,unknown,出さない,,非US実績なし
HIOKI 8826 Memory HiCorder FFT Recorder 8936 x8 16CH L9198 Tested Japan,358544991870,1380.0,E,unknown,出さない,,非US実績なし
Fuji Electric FSCS10A2-00J Portable Ultrasonic Flowmeter Portaflow Used Japan,358394702252,1350.0,D,mixed_global,優先国,IT,IT:1
ISHIDA UNI-9 DBP D1216 PC-Based Price Computing Scale Used Japan,357920334816,1310.0,C,mixed_global,出さない,,非US実績なし
Keithley 237 High Voltage Source Measure Unit SMU Tested Used from Japan JUNK,358352049570,1280.0,D,unknown,優先国,FR,FR:1
GRAPHTEC GL2000 High-Voltage High-Speed 4-Channel Data Logger Used Good Japan,358235937830,1250.0,E,unknown,優先国,FR,FR:1
HIOKI 9783 Electric Carrying Case Hard Case for 8847 and MR8847 NEW from JAPAN,357011020594,1247.99,C,unknown,出さない,,非US実績なし
Konica Minolta SPAD-502Plus Digital Chlorophyll Meter SPAD502Plus from Japan NEW,357321100358,1229.0,B,mixed_global,優先国,"AU,FR",AU:1 FR:1
Advantest R3132 Spectrum Analyzer 9kHz–3GHz 200VA 50/60Hz Tested Power On Used,357979944862,1200.0,C,unknown,出さない,,非US実績なし
RION NL-21 Integrating Sound Level Meter Tested Working Used Good Condition,358544992016,1190.0,E,unknown,出さない,,非US実績なし
KEYSIGHT 34980A Data Acquisition System Mainframe with Accessories from Japan,357942077313,1180.0,E,unknown,出さない,,非US実績なし
Keyence VT5-WX12 Touch Panel with Drive Recorder Playback Function New,358610773989,1176.0,E,US_only,出さない,,非US実績なし
Enerpac FSH-14 Hydraulic Flange Spreader Separator Tool USED Tested from Japan,358212353572,1098.99,E,unknown,出さない,,非US実績なし
OPSODIS 1 Active Speaker Kajima Corporation OPSODIS1 Silver NEW from Japan,358329820504,999.0,C,unknown,出さない,,非US実績なし
GRAPHTEC GL840-M Midi LOGGER Data Logger B-564 Tested Working from Japan,358369896020,999.0,D,unknown,出さない,,非US実績なし
YOKOGAWA CA150 Handy Calibrator DC Voltage Current Source Measure with RJ Sensor,357896895134,998.0,C,unknown,出さない,,非US実績なし
Hollyland Mars T1000 Wireless Intercom System w/ Hard Case Excellent from Japan,358119578496,998.0,B,mixed_global,優先国,"AU,DE",AU:1 DE:1
OPSODIS 1 Active Speaker Kajima Corporation OPSODIS1 Black NEW from Japan,358177619706,997.0,D,unknown,出さない,,非US実績なし
EIMAC 3CX1500A7 8877 Vacuum Tube RF Power Triode Tested Used Japan,358319586038,980.0,D,unknown,出さない,,非US実績なし
SNOOPY IN FASHION Photo Book First Edition HARDCOVER w/ Rare Event Ticket 1980s,356771173234,980.0,A,US_only,出さない,,非US実績なし
Fluke 8846A Digital Multimeter 100V For Parts/Not Working junk Japan,357923547945,980.0,E,unknown,出さない,,非US実績なし
YOKOGAWA AQ1200A OTDR Multi Field Tester AQ1200A-HJ-M-USC/SLT/VLS Tested Japan,358371037913,980.0,E,global_only,優先国,DE,DE:2
Tektronix TDS3054B Digital Phosphor Oscilloscope 500MHz 4CH TDS 3054B Tested,358371059203,980.0,E,mixed_global,出さない,,非US実績なし
OKUMA BDU-50A Drive-AC Servo Unit 5A373 Tested Working Used Japan,358640916096,980.0,E,unknown,出さない,,非US実績なし
DENSO DST-i Diagnostic Scan Tool DN-VIM-003 (No LCD Model) from Japan,357942138881,978.0,D,US_only,出さない,,非US実績なし
OPSODIS 1 Active Speaker Kajima Corporation OPSODIS1 Silver Excellent from Japan,358153644718,950.0,D,unknown,出さない,,非US実績なし
Keyence IV3-G120 Compact AI Vision Sensor Amplifier Unit New from Japan,357014028076,950.0,B,mixed_global,優先国,"CA,DE",CA:1 DE:1
Hollyland Mars T1000 Wireless Intercom System Set Tested from Japan,358036087171,930.0,D,mixed_global,優先国,"AU,DE",AU:1 DE:1
GRAPHTEC MIDI LOGGER GL820 Handy Data Logger 20-Channel Portable Recorder Tested,357948010290,915.0,D,mixed_global,優先国,"FR,IT",FR:1 IT:1
OPSODIS 1 3D Audio Kajima Corporation OPSODIS1 Black Excellent from Japan,357863771876,895.0,A,unknown,出さない,,非US実績なし
Leica DISTO S910 Laser Distance Measure Package Excellent Used Condition,358068363163,890.0,D,global_only,優先国,DE,DE:1
YOKOGAWA 2553 DC Standard Voltage Current Generator Tested from Japan,358638711655,890.0,E,unknown,出さない,,非US実績なし
FUJI ELECTRIC FSCS10A1-00J PORTAFLOW-C Ultrasonic Flow Meter Used Japan,357915942201,889.0,C,mixed_global,優先国,"FR,DE",FR:2 DE:2
"OMRON NS8-TV01B-V2 HMI Touchscreen Operator Panel 8.4"" Display New from Japan",358485950477,875.31,C,mixed_global,優先国,"AU,DE",AU:1 DE:1
DENSO DST-i Scan Tool Diagnostic Tester Main Unit DN-VIM-003 Used Tested Japan,357671004068,860.0,B,US_only,出さない,,非US実績なし
Daishowa Seiki BIG KAISER EWN100-203CKB6 Boring Head x2 Set Used Japan,358003801388,850.0,D,unknown,出さない,,非US実績なし
ADVANTEST ADCMT 6243 DC Voltage Current Source 5.5 Digit GPIB Tested Working,358027647403,850.0,C,unknown,優先国,DE,DE:2
Designed By Apple In California Book Size Small 32.5×26.5cm Very Good Used,358335045646,830.0,D,US_only,優先国,"DE,IT",DE:3 IT:1
KEYENCE SR-G100 Handheld Code Reader New Unused in Original Box Japan,358577945637,829.68,C,unknown,出さない,,非US実績なし
AOR AR-DV10 Digital & Analog Wideband Receiver 100kHz–1300MHz Tested Japan,358577943799,810.89,E,mixed_global,出さない,,非US実績なし
SONY NW-WM1AM2 128GB Hi-Res Digital Audio Player Black Tested Working from Japan,357038481083,810.0,A,mixed_global,優先国,"DE,CA",DE:27 CA:16
HITACHI L700-185LFF-0R Inverter Drive Removed From The Working Machine,358147979341,800.0,E,unknown,出さない,,非US実績なし
Beckman Coulter MET ONE HHPC 2+ Handheld Airborne Particle Counter Used Japan,358124436169,799.5,E,mixed_global,出さない,,非US実績なし
FOSTEX R100T Attenuator Transformer Pair 100W Tested Excellent from Japan,358228925781,798.0,C,global_only,優先国,"DE,FR",DE:3 FR:1
Pioneer RD-150 Lonesome Carboy Power Level Indicator Car Audio  Tested Working,358130124709,798.0,D,unknown,出さない,,非US実績なし
HP 53181A RF Frequency Counter Tested w/ Calibration Report & Accessories Japan,358166299970,798.0,D,unknown,出さない,,非US実績なし
Anritsu MG3700A Vector Signal Generator 250kHz-3GHz Opt.02 21 As-Is Parts,358505495649,790.0,C,unknown,出さない,,非US実績なし
ADVANTEST R8340 Ultra High Resistance Meter For Parts / Junk fro Japan,357955957594,780.0,D,unknown,出さない,,非US実績なし
ADVANTEST R6243 DC Voltage Current Source/Monitor Precision Power Supply Unit,358274830101,780.0,B,global_only,優先国,DE,DE:3
KEYENCE SR-X100 Barcode Reader 2024 Made in Japan NEW Unused From Japan,358537336894,770.0,E,global_only,出さない,,非US実績なし
Audio-Technica ATH-EM700Ti Titanium Clip-On Headphones Limited Edition Tested,357866939096,759.0,E,unknown,出さない,,非US実績なし
Marantz PM8006 Integrated Amplifier Stereo Amp Tested Working Used from Japan,358333799417,758.0,B,mixed_global,優先国,CA,CA:1
YOKOGAWA AQ7275 OTDR Optical Time Domain Reflectometer 1310/1550/1625nm Used,358293889396,750.0,C,global_only,優先国,"DE,AU",DE:7 AU:1
Pioneer RD-150 Double Bass Reflex Speaker System Very Good  Unused Gray Fabric,358505733121,730.0,D,unknown,出さない,,非US実績なし
Mitutoyo SJ-210 Surftest Surface Roughness Tester Main Unit Tested Used Japan,357482451887,720.0,B,mixed_global,優先国,"AU,CA",AU:4 CA:4
Fostex Transformer Attenuator R100T2 High-Quality Audio Control NEW Japan,357383352429,720.0,A,US_only,優先国,"FR,DE",FR:1 DE:1
Keysight E3633A DC Power Supply 0-8V/20A 0-20V/10A Tested Very Good from Japan,357629465357,699.98,C,mixed_global,優先国,DE,DE:1
Mitutoyo KA-212 Counter for Linear Scale 174-183 (KA-200 Counter ) – New,357039030883,699.98,D,unknown,優先国,DE,DE:1
GE Panametrics TransPort PT878 Portable Ultrasonic Liquid Flow Meter As Is Japan,358042514439,699.0,E,unknown,出さない,,非US実績なし
TRAVELER'S notebook Limited Set TRAVELER'S DINER NEW from Japan,356645660235,698.0,S,US_only,優先国,"AU,UK",AU:2 UK:2
ADVANTEST TR5823H Universal Counter Frequency Counter Main Unit Only Used,358126280037,698.0,E,unknown,出さない,,非US実績なし
OLYMPUS IMH-10 Video Recorder Used from Japan,357960003550,698.0,E,unknown,出さない,,非US実績なし
ADVANTEST R3131A 9kHz-3GHz Spectrum Analyzer Tested AS IS from Japan,358281617371,698.0,D,unknown,優先国,DE,DE:1
"Mitsubishi GT2508-VTBD HMI Touch Panel 8.4"" 2023 GT25 Series New from Japan",358534185126,698.0,E,unknown,出さない,,非US実績なし
YOKOGAWA 7651-01 Programmable DC Voltage Current Source ±32V 120mA GPIB Tested,358642595370,698.0,E,unknown,出さない,,非US実績なし
KEYENCE FD-H32 Sensor Complete Set OP-88076 Cable Included NEW from Japan,358653964033,698.0,E,mixed_global,出さない,,非US実績なし
HILTI TE76-ATC Rotary Hammer Drill TE76 SDS-Max Concrete Drill Used from Japan,358037070222,690.0,E,unknown,出さない,,非US実績なし
Mitsubishi Uni color 240 50th anniversary Color Pencil 5000 Limited Edition NEW,357859072999,690.0,B,mixed_global,優先国,"DE,AU",DE:3 AU:1
Agilent N2795A Single-ended Active Probes DC-1GHz AutoProbe Interface Used,358223832012,689.0,E,global_only,優先国,UK,UK:3
HIOKI 8972 DC/RMS Unit 2ch Isolated Input Data Recorder Module Tested,358614835035,684.0,E,unknown,出さない,,非US実績なし
Daishowa Seiki Big Kaiser EWN100-203CKB6 Boring Head New from Japan,358003785382,680.0,E,unknown,出さない,,非US実績なし
Kikkoman Lumitester Smart Hygiene Monitoring ATP Tester New from Japan,358337936945,680.0,E,global_only,優先国,"DE,AU",DE:11 AU:3
Pioneer BDR-XD08MB-S External Blu-ray Drive USB 3.0 w/ AC Adapter DCA-003 New,358130087298,680.0,E,mixed_global,優先国,"DE,AU",DE:3 AU:1
YOKOGAWA DL1740E Digital Oscilloscope 500MHz 1GS/s Tested Initialized Japan,357925182893,680.0,C,global_only,優先国,"DE,FR",DE:2 FR:1
Agilent 4338B Milliohmmeter Power On Display Confirmed from Japan,357646672274,680.0,E,unknown,出さない,,非US実績なし
Advantest R6145 Voltage Current Source Calibrated w/ Report & Accessories Tested,358165318399,680.0,E,unknown,優先国,DE,DE:1
EIMAC 3CX1200A7 Power Triode Vacuum Tube Tested Working Used from Japan,358062208935,680.0,C,unknown,出さない,,非US実績なし
Kikkoman Lumitester PD-30 ATP Hygiene Monitoring System Kit New,358278773058,680.0,E,global_only,優先国,DE,DE:3
"Anritsu MG3632A Synthesized Signal Generator, 100KHz-2080MHz Used JP AS IS",358003743158,680.0,E,unknown,出さない,,非US実績なし
Fryer Guitars MAYDAY Overdrive Distortion Preamp Pedal for AC30 AC15 Used Japan,357371421703,678.0,E,unknown,出さない,,非US実績なし
Omron NS5-SQ11B-V2 Programmable Terminal HMI Touch Panel Unused Japan,358638712658,670.98,E,global_only,出さない,,非US実績なし
KEYENCE IV3-G500CA VISION SENSOR HEAD IV3G500CA IN STORAGE form Japan NEW,358646780360,669.99,D,mixed_global,出さない,,非US実績なし
KEITHLEY 2000 Digital Multimeter 6.5 Digit Bench DMM Tested Working Japan,358371068809,658.0,E,mixed_global,優先国,DE,DE:1
Marantz NR1711 8K 7.2 Channel Ultra HD AV Receiver W/Box Tested Japan Used F/S,358333826811,648.0,E,mixed_global,優先国,"CA,IT",CA:2 IT:1
Pioneer Lonesome Car-Boy KP-707G  CD-5  GM-4 x2 Maintained Tested from Japan,356776795931,645.0,A,mixed_global,出さない,,非US実績なし
Anritsu MF1603A Frequency Counter 0.1mHz–3GHz OCXO GPIB External 10MHz Tested,358139740232,630.0,E,unknown,出さない,,非US実績なし
ADCMT Advantest 7461A 6.5 6½ Digit Digital Multimeter Bench Top USB GPIB Used,358467370861,630.0,D,unknown,優先国,DE,DE:2
SONY WALKMAN NW-ZX707 Hi-Res Digital Audio Player NEW from Japan Open Box,356968197905,627.0,B,mixed_global,優先国,"CA,DE",CA:18 DE:16
Keyence CA-LMHE20 Telecentric Macro Lens 21MP High Resolution from Japan,356742447708,608.25,C,unknown,出さない,,非US実績なし
KEYENCE MK-P4 Touch Panel Console Used Working Pull Japan,358027482174,600.0,E,US_only,出さない,,非US実績なし
Juergen Teller Marc Jacobs Advertising 1998-2009 Brand New from Japan,357435093266,598.0,C,mixed_global,優先国,ES,ES:1
Tektronix TDS2024B Digital Oscilloscope 200MHz 2GS/s 4CH 4 Probes Tested Japan,358227640685,598.0,E,unknown,出さない,,非US実績なし
TANGO FW-20S Hi-Fi Output Transformer Set of 2 LCR Tested from Japan,357963553298,598.0,A,mixed_global,優先国,"DE,IT",DE:6 IT:2
Japanese Sushi Shari Rice Warmer 5-go NETSUKEN Ever Hot Takumi NS-21N  AC100V,357907189869,598.0,C,unknown,出さない,,非US実績なし
FUJI AC Servo Amplifier RYS401S3-LSS 200-230V 400W Servo Drive Open Box Japan,358610772993,598.0,E,unknown,出さない,,非US実績なし
Sony Walkman NW-S764K Hatsune Miku 5th Anniversary Edition New Unused from Japan,357322935750,590.0,S,US_only,優先国,"FR,DE",FR:1 DE:1
Keysight E36103A DC Power Supply 20V 2A Tested Used from Japan,358577944864,589.99,E,unknown,出さない,,非US実績なし
Enerpac FSH-14 Hydraulic Flange Spreader Separator Tool USED Used As-Is Japan,358150456850,589.0,E,unknown,出さない,,非US実績なし
Agilent HP Keysight 34970A Data Acquisition Switch Unit Data Logger Tested Japan,358100360553,580.0,E,US_only,優先国,"CA,DE",CA:1 DE:1
Pentax R-306Nc Total Station Surveying Instrument Survey Equipment For Parts,358310988362,580.0,E,unknown,出さない,,非US実績なし
Yaskawa SGMJV-01ADA21 AC Servo Motor w/ SGDV-R90A01B SERVOPACK 200V Used Japan,358321209729,580.0,E,unknown,出さない,,非US実績なし
EIMAC 3CX1200D7 Power Triode Vacuum Tube – Tested Used Condition,358068589135,580.0,E,unknown,出さない,,非US実績なし
TEXIO FGX-295 Arbitrary Waveform  Function Generator 50MHz Tested from Japan,358173678265,580.0,E,unknown,出さない,,非US実績なし
GWINSTEK GDM-8261A 6.5 Digit Dual Display Digital Multimeter Rare Near Mint,357979977777,580.0,D,unknown,出さない,,非US実績なし
Cear Pavé 3D Sound Bluetooth Speaker Compact Cube Cear Pave Black Japan NEW,358150301744,580.0,E,unknown,出さない,,非US実績なし
Cear Pavé 3D Sound Bluetooth Speaker Compact Cube Cear Pave White Japan NEW,358150304580,580.0,E,unknown,出さない,,非US実績なし
AMADA DIGIPRO Digital Protractor Bending Angle Measuring Machine Tested W/ Case,358403831980,580.0,E,mixed_global,優先国,"DE,CA",DE:3 CA:1
Tektronix TDS 3034B 4-Ch Color Digital Phosphor Oscilloscope 300MHz R3414,358207286305,580.0,E,unknown,優先国,IT,IT:1
Agilent 87104D 40GHz SP4T COAXIAL Multi-port Electromechanical Coaxial Switch,358642595788,580.0,E,unknown,出さない,,非US実績なし
MSI MPG GUNGNIR 110R EVA e-PROJECT Evangelion Gaming PC Case Limited Edition New,358188230961,578.0,C,US_only,優先国,CA,CA:1
KEYENCE FD-H32 Clamp-On Flow Sensor Standard Model Brand New Japan,357320806290,572.0,C,global_only,優先国,"DE,FR",DE:13 FR:3
GRAPHTEC GL840 Midi LOGGER Data Logger Tested Working Good Condition Japan,358342452369,570.0,D,mixed_global,優先国,"FR,DE",FR:3 DE:1
KEYENCE NR-500 Interface Unit Multi-input Data Logger New from Japan,358638712305,568.0,E,unknown,出さない,,非US実績なし
ADVANTEST R6871E-DC DIGITAL MULTIMETER working From Japan,357251084663,565.7,C,global_only,優先国,DE,DE:4
Razer Core X Chroma RC21-01430100-R3K1 External GPU eGPU Thunderbolt 3 NEW,356988395461,560.0,S,mixed_global,全国,"UK,DE,FR,IT,ES,AU,CA",rankS+mixed_global(国際需要あり)
EMC Model 211 Vacuum Tube Checker Serviced Fully Working With Power Cable,357967368606,550.0,E,unknown,出さない,,非US実績なし
KEYENCE IV-G500CA Vision Sensor Head with Built-in Light OP-87904 Unused Japan,358541082129,550.0,E,unknown,出さない,,非US実績なし
GRAPHTEC GL240 Midi LOGGER Data Logger Tested Working Used from Japan,358626622587,540.0,E,global_only,出さない,,非US実績なし
Graphtec GL220 Midi Data Logger Memory Recorder Portable Device Tested Japan,358124480924,530.0,C,global_only,出さない,,非US実績なし
KOWA TSN-1 77-P Spotting Scope Telescope 20x 40x 60x w/Eyepieces from Japan,358274785765,500.0,E,unknown,出さない,,非US実績なし
Pro-Face GP-4301T Touch Panel PFXGP4301TAD Terminal Operator NEW from JPN,358526486368,499.5,E,global_only,優先国,"CA,ES",CA:1 ES:1
KEITHLEY 6485 Picoammeter For Parts or Repair As-Is from Japan,358351999087,498.0,C,mixed_global,優先国,DE,DE:1
ADVANTEST ADCMT R6240A DC Voltage Current Source Monitor A15 Tested Used from JP,356946986519,498.0,S,global_only,全国,"UK,DE,FR,IT,ES,AU,CA",rankS+global_only(国際需要あり)
Nikon Fluor ELWD 40x/0.85 160/0.11–0.23 Microscope Objective Excellent from JPN,357940855637,498.0,D,unknown,出さない,,非US実績なし
Pioneer GEX-8 Lonesome Cowboy AM/FM Tuner Tested Working Fair Condition Japan,358653831185,498.0,E,mixed_global,出さない,,非US実績なし
ADVANTEST R5361A Frequency Counter 1GHz Tested Working from Japan,358074560624,494.98,D,unknown,出さない,,非US実績なし
MITSUBISHI GT2510-VTBD-040 Touch Screen Display Panel  from Japan,358337803164,490.0,E,unknown,出さない,,非US実績なし
LECROY HFP3500 Active Probe 3.5GHz 0.7pF 100kΩ 40Vpk Tested Working Used,358099459585,489.0,D,unknown,出さない,,非US実績なし
OKUMA BLIV-D7575A SERVO DRIVE Removed Used Tested from Japan,358541081287,485.0,E,global_only,出さない,,非US実績なし
ATORCH DLB-600W 600W Electronic Load 0-200V 40A Bluetooth New Working Japan,358331166129,480.0,D,unknown,出さない,,非US実績なし
Agilent 53131A Universal Counter Frequency Counter Main Unit Only Tested,357397734958,480.0,C,mixed_global,優先国,DE,DE:2
Yokogawa DL1740 Digital Oscilloscope 500MHz 1GS/s 701710-M-J1/B5/E2/C10,358502738458,480.0,D,unknown,優先国,DE,DE:1
SHARP PC-G850VS Pocket Computer Brand New Unused from Japan,357839289258,480.0,C,mixed_global,優先国,"DE,IT",DE:31 IT:10
ADVANTEST TR5822 Universal Counter Tested Powers On As-Is For Parts Repair,358606535608,480.0,E,unknown,出さない,,非US実績なし
HIOKI MR8902 Voltage Temp Unit for MR8875 Memory HiCorder Calibrated from Japan,358646778538,475.0,E,unknown,出さない,,非US実績なし
ADVANTEST R6144 Programmable DC Voltage/Current Generator Precision Power Supply,358013924836,458.0,C,global_only,優先国,"DE,FR",DE:7 FR:2
Keysight HP Agilent 34401A 6.5 Digit Digital Multimeter Tested Calibrated Japan,358162739239,458.0,E,US_only,優先国,"DE,CA",DE:27 CA:4
KEYENCE LJ-V7060 High-Speed Inline Profile Measurement Sensor Head Tested,358468752219,458.0,E,unknown,出さない,,非US実績なし
entre ET-100 MC Step-Up Transformer Audio Hi-Fi Phono Booster Tested Japan Used,358342224526,454.0,D,mixed_global,優先国,"DE,CA",DE:8 CA:2
HEREND BABY BEAR SITTING FISHNET BLUE & RED SET USED Excellent Condition from JP,358003933002,450.0,D,unknown,出さない,,非US実績なし
SICK NanoScan3Pro NANS3-CAAZ30AN1 Laser Scanner Barely Used Japan,357915780078,450.0,E,mixed_global,優先国,DE,DE:1
Keyence GC-1000R Main Safety Controller Relay Output Type 24VDC NEW,357320912425,448.99,C,unknown,出さない,,非US実績なし
Tektronix TDS2024 Digital Storage Oscilloscope 4ch 200MHz 2GS/s Tested Used,357469680453,430.0,B,unknown,出さない,,非US実績なし
For sun65218 AGILENT E1709A REMOTE HIGH PERFORMANCE RECEIVER Set of 2 pcs Used,358192747247,429.0,C,unknown,出さない,,非US実績なし
Keyence CA-H2100M Monochrome Industrial Camera Tested from Japan,358577944167,420.0,E,unknown,出さない,,非US実績なし
Mitsubishi MDS-C1-CV-110 CNC Power Supply Unit Servo Drive Tested from Japan,358650670430,409.0,E,unknown,出さない,,非US実績なし
Genuine Leica Single Prism Set GPR121 + GZR103 + GDF121 with Soft Case Tested,357142382700,398.58,S,mixed_global,全国,"UK,DE,FR,IT,ES,AU,CA",rankS+mixed_global(国際需要あり)
Razer THX Onyx Portable DAC Headphone Amplifier NEW from Japan,357710652709,398.0,B,US_only,出さない,,非US実績なし
Pioneer GEX-91 Lonesome Car-Boy Car Radio Tuner Tested Working Vintage Japan,358096209294,398.0,C,global_only,優先国,"DE,UK",DE:2 UK:1
ADVANTEST R6142 Programmable DC Voltage And Current Generator Tested from Japan,357250871703,398.0,A,mixed_global,優先国,"DE,AU",DE:8 AU:3
Agilent 33120A Rare 15MHz Function / Arbitrary Waveform Generator Opt.001,358100445011,398.0,C,global_only,優先国,"DE,IT",DE:2 IT:1
AOR AR-3000A Wideband All-Mode Receiver 0.1–2036MHz WFM AM USB LSB CW Tested,358207319749,398.0,D,global_only,優先国,"IT,AU",IT:1 AU:1
Tektronix TBS1052B Digital Oscilloscope 50MHz 2CH Tested Working Main Unit Only,358212417187,398.0,D,unknown,優先国,DE,DE:1
KIKUSUI PLZ153W DC Electronic Load 1.5-120V / 0-30A 150W Tested Working From JP,358394558378,398.0,D,unknown,出さない,,非US実績なし
Pioneer GEX-61 Lonesome Carboy Digital Tuner Vintage Car Audio Tested Working,357700354212,398.0,A,global_only,優先国,"DE,ES",DE:1 ES:1
HRS DF11-TA2428HC & AMP 720590-1 Crimping Tool Set 2pcs Used from Japan,358285395539,398.0,E,unknown,出さない,,非US実績なし
Joichi Hoshi Catalogue Of All Tree Woodblock Prints 1970-1979 from Japan,358541081682,398.0,D,unknown,出さない,,非US実績なし
BEASTARS Season1 Vol.1 -4 First Limited Edition DVD Disc Complete Set BOX Japan,358139797578,398.0,A,unknown,出さない,,非US実績なし
KYORITSU 3148A Digital Insulation Resistance Tester 2-Range Compact Megohmmeter,358247895475,398.0,E,unknown,出さない,,非US実績なし
SHARP PC-G850VS Pocket Computer Tested w/manual IN BOX Japan,357218290164,398.0,B,mixed_global,出さない,,非US実績なし
PSL nwm ONE Star Wars Edition Rebel Alliance Model Light Gray Japan Only,358307202870,398.0,E,unknown,出さない,,非US実績なし
PSL nwm ONE Star Wars Edition Imperial Model Dark Gray Japan Only,358307209173,398.0,E,unknown,出さない,,非US実績なし
ADVANTEST R6144 Programmable DC Voltage Current Generator Tested Working Japan,358135970035,398.0,D,mixed_global,優先国,"DE,FR",DE:7 FR:2
Hakko A1523 Heater Core FR-802 FR-803 100V Genuine Discontinued Japan,358646776716,398.0,E,unknown,出さない,,非US実績なし
Tektronix TCPA300 Current Probe Amplifier Tested & Excellent Condition from JPN,358120722222,396.0,C,global_only,優先国,"DE,AU",DE:3 AU:1
ADVANTEST TR6142 Programmable DC Voltage Current Source 12V 120mA GPIB Tested,358045787764,395.0,E,mixed_global,優先国,IT,IT:1
HP Agilent 34401A 6 1/2 Digit Multimeter Tested Japan Hewlett Packard from Japan,356866052948,394.98,S,US_only,優先国,"DE,CA",DE:45 CA:16
ADVANTEST R5361 Frequency Counter 0.2mHz–1GHz Option 21 OCXO GPIB Refurbished,357896463926,394.98,C,unknown,優先国,DE,DE:1
ADVANTEST AD7461A Digital Multimeter Tested Power On Used Condition from Japan,358132459796,390.0,D,unknown,優先国,DE,DE:1
"Fluke 393 FC True RMS Clamp Meter 1500V CAT III, Compact IP54 Rated NEW from JP",356619729949,390.0,S,mixed_global,全国,"UK,DE,FR,IT,ES,AU,CA",rankS+mixed_global(国際需要あり)
HP 34401A 6.5 Digit Digital Multimeter Rev11 Upgraded Tested PASS Good Condition,358212313412,388.0,E,global_only,優先国,"DE,IT",DE:28 IT:4
Advantest R6441B Digital Multimeter 15VA MAX 48-66Hz w/ Scratches Made in Japan,358618368471,381.89,E,unknown,出さない,,非US実績なし
Motherhouse Moomin L-Style Long Wallet - Premium Leather Design,357941960503,380.0,D,unknown,出さない,,非US実績なし
Motherhouse Moomin Hattifatteners L-Style Long Wallet - Premium Leather Design,357941976003,380.0,E,unknown,出さない,,非US実績なし
Motherhouse Moomin Mama L-Style Long Wallet - Premium Leather Collaboration,356554281207,380.0,C,unknown,出さない,,非US実績なし
Motherhouse Moomin Snufkin L-Style Long Wallet - Premium Leather Design,356554323472,380.0,C,unknown,出さない,,非US実績なし
Motherhouse Moomin Little My L-Style Long Wallet - Premium Leather Design Japan,356554366525,380.0,C,unknown,出さない,,非US実績なし
Cohana AKA Sewing Kit 2025 Limited Edition Nara Wood Base Tool Set from Japan,358107955974,380.0,D,US_only,優先国,UK,UK:1
WALLHACK SP-004 Arcade Twins Limited Edition Glass Mouse Pad Used from Japan,358640917116,380.0,E,mixed_global,出さない,,非US実績なし
ADVANTEST ADCMT AD7451A 6.5‑Digit Digital Multimeter Tested Japan,357218701229,378.0,C,unknown,出さない,,非US実績なし
SNOOPY IN FASHION & Collection Photo Book Set Softcover Good Condition from JPN,356850006031,375.98,S,mixed_global,全国,"UK,DE,FR,IT,ES,AU,CA",rankS+mixed_global(国際需要あり)
LEYBOLD NT10 TURBOTRONIK Turbo Molecular Pump Controller Tested Working,358232643219,370.0,C,unknown,出さない,,非US実績なし
GLSSWRKS Hana Premium Glass Mouse Pad Smooth Precision Gaming 490x420mm Used,356593353626,368.0,S,mixed_global,全国,"UK,DE,FR,IT,ES,AU,CA",rankS+mixed_global(国際需要あり)
Pioneer CLD-R5 LaserDisc LD Player Auto Reverse w/ Remote Serviced Tested JAPAN,357159869804,368.0,D,mixed_global,優先国,"CA,DE",CA:2 DE:2
The Art of the Iron Giant Hardcover Ramin Zahed Brand Used Excellent condition,356829055464,368.0,A,unknown,優先国,ES,ES:1
KING JIM POMERA DM30 Digital Memo Keyboard w/ Carrying Case bundle from Japan,357184987863,368.0,A,US_only,優先国,"DE,CA",DE:3 CA:2
Google Pixel Tablet Charging Speaker Dock GA03472-US Porcelain New from Japan,357933117584,360.0,S,US_only,全国,"UK,DE,FR,IT,ES,AU,CA",brand:GOOGLE(全件全国)
Google Pixel Tablet Charging Speaker Dock GA03944-US Hazel Gray New from Japan,357933160684,360.0,S,US_only,全国,"UK,DE,FR,IT,ES,AU,CA",brand:GOOGLE(全件全国)
"Ajazz AKP846 Mechanical Gaming Keyboard 10"" Touchscreen Transparent Keycaps NEW",357387217824,360.0,A,US_only,優先国,CA,CA:1
KEYENCE KV-XLE02 Ethernet Unit 2 Port NEW from Japan,358602209000,360.0,E,mixed_global,出さない,,非US実績なし
ARTISAN Shidenkai V1 FX MID S Ninja Black Mouse Pad New from Japan,358638712138,360.0,E,unknown,出さない,,非US実績なし
Finalmouse UltralightX ULX Pro  Aceu Lion M size Gaming Mouse New from Japan,358003917345,358.0,C,mixed_global,優先国,CA,CA:1
Pioneer Lonesome Car-Boy CD-9 Vintage 9-Band Graphic Equalizer,356700630309,358.0,A,US_only,優先国,"CA,DE",CA:31 DE:23
Wallhack SP-004 Drift Sora Limited Edition Glass Pad Good condition from Japan,357190920884,353.0,A,mixed_global,優先国,"CA,FR",CA:2 FR:1
HIOKI DT4282 Digital Multimeter 10A Slightly New from Japan,356894589481,351.86,S,global_only,全国,"UK,DE,FR,IT,ES,AU,CA",rankS+global_only(国際需要あり)
YOKOGAWA 7562 Digital Multimeter 756201-C-1/B/DA Bench DMM Tested Used Japan,358293957830,350.0,E,global_only,優先国,"DE,AU",DE:2 AU:1
Bowl made of pottery 25 patterns of Nerikomi Eiji Murofushi Used from Japan,358004862376,350.0,C,mixed_global,優先国,"AU,CA",AU:1 CA:1
Strymon Brigadier Delay Effect Pedal Used Tested from Japan,357097745633,350.0,B,US_only,優先国,"DE,UK",DE:2 UK:1
Kyoritsu 8135 Electrical Instruments KYORITSU Load Current Flexible Sensor New,358577944503,350.0,E,unknown,出さない,,非US実績なし
KEYENCE FD-Q20C Clamp-On Digital Flow Sensor New Unused form Japan,358351923331,348.5,D,mixed_global,優先国,"DE,CA",DE:5 CA:3
Pioneer KP-909G Car Cassette Deck Lonseome Carboy Serviced Tested Used Japan,358321229357,348.0,D,unknown,出さない,,非US実績なし
Pioneer KP-717G Lonesome Carboy Vintage Component Car Cassette Deck,357944436089,348.0,A,mixed_global,優先国,"DE,UK",DE:1 UK:1
TE Connectivity 91512-1 CERTI-CRIMP II Hand Crimp Tool Excellent Condition,357947963186,348.0,C,unknown,優先国,UK,UK:1
EchoTech ZO-41 II Hobby Ultrasonic Cutter NEW from Japan,356926874032,346.0,S,mixed_global,全国,"UK,DE,FR,IT,ES,AU,CA",rankS+mixed_global(国際需要あり)
Siltech Classic Anniversary 770i RCA Cable 3.0m Silver Gold Audio Interconnect,358394441765,338.0,C,global_only,優先国,"DE,AU",DE:8 AU:7
Yaskawa GA50A2006ABA AC Drive GA500 Series inverter New from Japan,358522548270,338.0,E,unknown,出さない,,非US実績なし
Mitsubishi Electric FX5U 64MR ES PLC CPU Module 220V 100 240V AC from Japan New,358333759462,335.98,E,unknown,優先国,UK,UK:1
BIG Daishowa Boring Head KAISER EWN20-36CKB1 from Japan NEW,357669332994,335.0,D,US_only,優先国,DE,DE:1
LeCroy HFP2500 Active Probe 2.5GHz 0.7pF 100kΩ Tested Working Japan,358022967919,330.0,C,unknown,出さない,,非US実績なし
OLYMPUS MSPlan 100X/0.95 Infinity Microscope Objective Lens F=180 Used from JPN,358038924298,330.0,D,unknown,出さない,,非US実績なし
YOKOGAWA PBA2500 Active Probe 2.5GHz DL9000 7019-13 w/ Case & Accessories Tested,358130050906,329.0,D,unknown,出さない,,非US実績なし
Leica DISTO X4 Laser Distance Meter Rangefinder Black Used Japan,358124332621,323.8,E,mixed_global,優先国,"UK,ES",UK:3 ES:1
BMW Advanced Car Eye 3.0 PRO Front and Rear Dash Cam Camera Kit Genuine NEW,357867054622,320.5,A,mixed_global,優先国,"DE,AU",DE:17 AU:9
KEYENCE NQ-MP8L Master Module Ethernet Industrial Control NEW from Japan,358326939458,320.0,D,US_only,出さない,,非US実績なし
Zojirushi NW-JE10 Pressure Induction Heating Rice Cooker & Warmer 5.5-Cup Japan,358293723954,319.5,A,mixed_global,優先国,"DE,CA",DE:5 CA:4
ADVANTEST R6871E 6.5 Digit Digital Multimeter Power On Confirmed from Japan,357937051459,315.0,C,global_only,優先国,"DE,IT",DE:4 IT:2
Keyence FR-S01 FRS01 Short Range Display Integrated Sensor New In Box From Japan,357320902718,314.0,B,US_only,優先国,"FR,DE",FR:3 DE:2
Stax SRM-1/MK-2 Electrostatic Headphone Amplifier SRM-1 MK-2 Working Tested JP,358306002993,308.0,C,mixed_global,優先国,DE,DE:1
Siglent Technologies SDS1102CML+ Digital Storage Oscilloscope  100 MHz NEW,358140797738,308.0,C,unknown,優先国,"DE,IT",DE:1 IT:1
Thorlabs MDT694 High Voltage Piezo Controller PZT Driver 0-150V Lab Equipment,358166322333,300.0,E,unknown,出さない,,非US実績なし
OLYMPUS MSPlan Apo 50x 0.95 ∞/0 f=180 IC50 Microscope Objective Lens Tested,358127027787,299.99,D,unknown,出さない,,非US実績なし
ADVANTEST R6552 Digital Multimeter 5.5 Digit Tested Japan,358240001005,299.06,D,unknown,出さない,,非US実績なし
THE ART OF Alice Madness Returns Art Book  Illustrations Japanese from Japan,357418184869,299.0,A,US_only,優先国,"DE,ES",DE:22 ES:6
ARTISAN Shidenkai FX XSOFT XL Orange Mouse Pad FX-SK2-XS-XL-D New from Japan,357998268272,298.0,E,unknown,出さない,,非US実績なし
Pioneer Lonesome Carboy GM-D8 Amplifier Tested Working Japan,358307129443,298.0,D,unknown,出さない,,非US実績なし
Hioki 8971 Unit with 2x 9318 Conversion Cables for Memory HiCORDER Tested Used,358126216902,298.0,E,unknown,出さない,,非US実績なし
HP 53131A 225MHz Universal Counter Frequency Counter Power On & Tested Japan,358240034876,298.0,B,mixed_global,優先国,"DE,AU",DE:2 AU:1
Agilent Keysight E3642A DC Power Supply 0-8V 5A / 0-20V 2.5A from Japan,357958817525,298.0,B,unknown,優先国,AU,AU:1
MOXA EDS-408A-MM-SC Industrial Ethernet Switch Used from Japan,357979910097,298.0,E,unknown,出さない,,非US実績なし
KM5 Lightwear Headphones HP1 White Lightweight Wireless Headphones New from JPN,357902623794,298.0,D,unknown,出さない,,非US実績なし
KM5 Lightwear Headphones HP1 Black Lightweight Wireless Headphones New from JPN,357902627187,298.0,C,unknown,出さない,,非US実績なし
KEYENCE FD-Q10C Digital Clamp-on Flow Sensor Control System New from Japan,358618369142,298.0,E,US_only,出さない,,非US実績なし
PHOENIX CONTACT QUINT-PS-100-240AC/24DC/20A Power Supply Unit Tested Used,358638712476,298.0,E,unknown,出さない,,非US実績なし
BERNINA BSR Foot Stitch Regulator Excellent Condition from Japan,357866912999,294.0,C,unknown,優先国,AU,AU:1
Cohana SAKURA Sewing Kit 2025 Spring Limited Editions Nara Wood Base Tool Holder,356949881650,292.45,B,unknown,出さない,,非US実績なし
YOKOGAWA MY600 Digital Insulation Resistance Tester Megohmmeter Tested Used,358293836673,292.0,D,US_only,出さない,,非US実績なし
Olympus ULWD MSPlan20 0.40 ∞/0 f=180 Microscope Objective Lens Used Tested,358522547459,290.99,D,unknown,出さない,,非US実績なし
A&D EK-6000i Digital Precision Balance Scale 6000g 0.1g RS-232C Tested fromJapan,358331143020,290.0,E,mixed_global,優先国,AU,AU:1
Yaskawa SGD7S-1R6A00A SERVOPACK Servo Driver SGD7S1R6A00A NEW From Japan,358534185608,290.0,E,unknown,出さない,,非US実績なし
Leica DISTO D510 Laser Distance Meter Official 60m Range Tested Working Japan,358626622802,290.0,E,mixed_global,出さない,,非US実績なし
Siltech Classic Anniversary 770i RCA Cable 2.0m Silver Gold Audio Interconnect,358394434633,289.0,C,global_only,優先国,"DE,AU",DE:8 AU:7
Way Huge Smalls WM32G Geisha Drive Limited Edition Overdrive Distortion Japan,358573445202,283.99,E,unknown,出さない,,非US実績なし
PIONEER Lonesome Carboy CAR STEREO EQUALIZER CD-5 Working Perfectly,356663753260,280.22,A,US_only,優先国,"DE,CA",DE:80 CA:44
ARTISAN Shidenkai FX MID M Orange Mouse Pad Used Excellent Condition from Japan,357418984079,280.0,D,unknown,出さない,,非US実績なし
LUDDITE TechDraw2 Keyaki Wood 0.5mm Mechanical Pencil LW2-MP2K-05 Excellent JPN,358337872918,280.0,D,unknown,出さない,,非US実績なし
Leica DISTO D5 Laser Distance Meter 0.05-200m Range Color Display Tested from JP,358338047911,280.0,E,global_only,優先国,"UK,CA",UK:4 CA:1
KYOWA CDV-700A Signal Conditioner Dynamic Strain Amplifier Tested Working Japan,358232613542,280.0,C,unknown,優先国,DE,DE:1
A&D EK-12Ki Personal Precision Balance Digital Scale 0.1g/1200g New from Japan,358132396521,280.0,D,unknown,出さない,,非US実績なし
Besavior P5Mate 2024 PS5 Gaming Converter Adapter P5 Mate NEW from Japan,357190578503,280.0,S,US_only,出さない,,非US実績なし
PLOTTER 5012 A5 6-Ring Liscio Leather Binder Genuine Leather JP Craft,356739344931,280.0,C,unknown,全国,"UK,DE,FR,IT,ES,AU,CA",brand:PLOTTER(全件全国)
SHARP JW-211NA DC Input Power Module Tested Working Used from Japan,358610774290,280.0,E,unknown,出さない,,非US実績なし
Renesas E1 emulator R0E000010KCE00 Microcomputer development R2765 NEW from JPN,357277958409,278.8,B,mixed_global,優先国,"DE,AU",DE:6 AU:4
Sony XBA-N3 In-Ear Headphones Detachable Cable Tested Used JAPAN,358331236308,278.0,D,mixed_global,優先国,"DE,CA",DE:3 CA:1
Siltech Classic Anniversary 770i RCA Cable 2.0m Silver New,358556302792,278.0,E,global_only,優先国,"DE,AU",DE:7 AU:5
Ohuhu illustration Marker Pen 320 Colors Brush & Chisel Type with Blender Pen,356959968233,275.0,B,mixed_global,優先国,"DE,FR",DE:3 FR:1
VESSEL Air Driver Impact Type GT-PLP NEW From Japan,358618370029,270.0,E,unknown,出さない,,非US実績なし
PLOTTER 5001 A5 6-Ring Pueblo Leather Binder Genuine Leather JP Craft,358309952721,269.0,E,unknown,全国,"UK,DE,FR,IT,ES,AU,CA",brand:PLOTTER(全件全国)
Pioneer KP-88G Cassette Deck Lonesome Carboy Tested Working from Japan,358392130696,268.98,C,global_only,優先国,DE,DE:2
The Art of God of War Ascension Hardcover Art Book Used From Japan,356750806790,268.0,A,mixed_global,出さない,,非US実績なし
STAUB Cocotte Round 20cm Campagne Cast Iron Dutch Oven Made in France,358556302102,267.0,D,unknown,出さない,,非US実績なし
Yuki Aim Glass Mousepad Oni 2.0 Collection Large Size 500 x 400 x 2mm NEW,358293805432,265.0,E,unknown,出さない,,非US実績なし
Pioneer KP-707G Lonesome Carboy Vintage Component Car Cassette Deck Maintained,357200863085,265.0,A,mixed_global,優先国,IT,IT:1
Yaskawa SGD7S-1R6AA0A Servo Drive SERVOPACK Sigma-7 200V 0.2kW New Japan,358638711449,265.0,E,unknown,出さない,,非US実績なし
Siltech Classic Anniversary 770i RCA Cable 1.0m Silver Gold Audio Interconnect,358306045201,259.0,D,global_only,出さない,,非US実績なし
HORIBA IG-410 Gloss Checker Handy Gloss Meter – Tested Working,358232765117,258.0,E,unknown,出さない,,非US実績なし
Google Pixel Tablet Charging Speaker Dock GA03944-US Hazel Gray New from Japan,358052065626,258.0,C,US_only,全国,"UK,DE,FR,IT,ES,AU,CA",brand:GOOGLE(全件全国)
Keyence KV-SAD04 KV series high-speed analog input unit new from Japan,358610773781,258.0,E,unknown,出さない,,非US実績なし
Lisa Larson Cat Mikey Papa Max Animal Figurine 3 color 9.4 inches Made in Sweden,356875166236,257.0,C,mixed_global,優先国,"DE,FR",DE:4 FR:4
Fujikura FID-30R Optical Fiber Identifier with Power Meter Optical Fiber Tool,357128790931,255.99,A,mixed_global,優先国,"DE,AU",DE:8 AU:2
HIOKI DT4261 Digital Multimeter Tester Measuring Instrument Made in Japan NEW,358626622317,254.98,E,mixed_global,優先国,"AU,CA",AU:2 CA:2
Keyence GC-S16 Safety Input Controller Unit With Warranty from Japan New,358502738333,249.1,E,unknown,優先国,CA,CA:1
KEYENCE FL-001 FL001 Guide Pulse Type Level Sensor Amplifier Unit NEW from Japan,357645228641,249.0,B,US_only,出さない,,非US実績なし
ENSENSO N35-604-16-BL Sensor Displacement Cable Used Japan,358148077345,249.0,E,unknown,優先国,DE,DE:1
Tektronix 1103 Probe Power Supply for Oscilloscope Probes Tested from Japan,358305892857,248.0,D,mixed_global,優先国,"DE,FR",DE:2 FR:1
Panasonic LK-RF240U SuperDisk Drive External Floppy Disk Drive Near Mint Japan,358244159645,248.0,B,mixed_global,優先国,"DE,CA",DE:5 CA:2
KYOWA DPM-712B Dynamic Strain Meter Tester Measuring Instrument Used from Japan,358577946214,248.0,E,unknown,出さない,,非US実績なし
Yaesu YF-122S Collins SSB Filter XF-119SN for FT-817ND FT-818ND FT-857 New Japan,358294208685,246.0,C,global_only,優先国,"UK,CA",UK:2 CA:1
Ohuhu illustration Marker Pen 320 Colors Brush & Fine Type with Blender Pen,356960075902,244.0,S,mixed_global,全国,"UK,DE,FR,IT,ES,AU,CA",rankS+mixed_global(国際需要あり)
Mitutoyo Surface Roughness Standard Specimen 178-604 Brand New from Japan,357197963540,241.05,B,mixed_global,出さない,,非US実績なし
TRAVELER’S Notebook Limited Set MOOMIN Dad's Memories Moominpappa New,358173626624,239.0,S,mixed_global,全国,"UK,DE,FR,IT,ES,AU,CA",rankS+mixed_global(国際需要あり)
KYORITSU 2431 Clamp Meter Leakage Current Tester Load Current NEW Japan,358235851800,239.0,E,global_only,優先国,"FR,DE",FR:13 DE:7
FRANK LLOYD WRIGHT MONOGRAPH 1924-1936. Vol.5 A.D.A.Edita Tokyo Book,358610772671,239.0,E,unknown,出さない,,非US実績なし
PLOTTER 5016 A5 6-Ring Horse Hair II Leather Binder Genuine Leather JP Craft,356739326665,238.5,S,global_only,全国,"UK,DE,FR,IT,ES,AU,CA",brand:PLOTTER(全件全国)
Furukawa FITEL S218R Hot Stripper Optical Fiber Thermal Stripper w/ AC Adapter,358120787399,238.0,D,unknown,出さない,,非US実績なし
Fujikura HJS-03 Hot Jacket Stripper for Optical Fiber Used from Japan,357431181062,236.8,B,mixed_global,優先国,CA,CA:1
MSI MAG CORELIQUID C240 EVA e-PROJECT CPU Liquid Cooler New Sealed from Japan,357935772166,236.0,C,US_only,出さない,,非US実績なし
PENN Slammer III 6500 Spinning Reel 715g 5.6:1 Drag18kg  New Japan Model,357010895215,235.98,C,US_only,出さない,,非US実績なし
HEREND BABY BEAR SITTING FISHNET BLUE USED Excellent Condition from JP,357365361523,234.5,C,unknown,出さない,,非US実績なし
HEREND BABY BEAR SITTING FISHNET RED SET USED Excellent Condition from JP,357365381977,234.5,C,unknown,出さない,,非US実績なし
Mitutoyo 177-146 Setting Ring  50mm Size  20mm Width  85mm Outside Diameter NEW,358331424308,231.0,E,unknown,出さない,,非US実績なし
BMW MINI Advanced Car Eye 3.0 Pro Front & Rear Dash Cam Excellent Condition,358377346781,229.0,A,mixed_global,優先国,"CA,FR",CA:1 FR:1
Sony DPT-RP1 Digital Paper A4 13.3 inch Used Tested from Japan,357835269837,228.95,B,mixed_global,優先国,"DE,CA",DE:15 CA:4
SHARP PC-G850VS Pocket Computer Built-in Speaker Box & Manual Tested Working,357429580456,228.0,S,mixed_global,全国,"UK,DE,FR,IT,ES,AU,CA",rankS+mixed_global(国際需要あり)
Kikkoman LuciPac A3 Water ATP Test Swabs 100 pcs for Lumitester PD-20/30/Smart,358228793891,228.0,C,mixed_global,優先国,"DE,ES",DE:3 ES:2
Panasonic AU-XPD1 USB 3.0 Express P2 Card Reader Used Tested from Japan,357126873891,226.0,A,mixed_global,優先国,"CA,DE",CA:1 DE:1
YOKOGAWA 7555-01 Digital Multimeter 7555 5.5 Digit GPIB Tested Working Japan,358294304973,225.0,E,unknown,出さない,,非US実績なし
KEYENCE HR-100 Handheld Code Reader Barcode Scanner Genuine NEW,358642595549,223.0,E,mixed_global,出さない,,非US実績なし
HIROSE HRS DF11-TA2428HC Manual Crimping Tool Crimper w/ Case Used Japan,358240268479,220.0,E,mixed_global,出さない,,非US実績なし
KIKUSUI PAK6-60A DC Regulated Power Supply 6V 60A Tested Used Japan,358148038900,220.0,E,unknown,出さない,,非US実績なし
PLOTTER 5003 A5 6-Ring Shrink Leather Binder with Accessories NEW from Japan,356821342530,218.0,A,mixed_global,全国,"UK,DE,FR,IT,ES,AU,CA",brand:PLOTTER(全件全国)
KM5 Bluetooth CD Player Instant Disk Audio CP2 White CP2-001-W Display Audio,358172563565,218.0,A,mixed_global,優先国,"DE,AU",DE:3 AU:1
KM5 Bluetooth CD Player Instant Disk Audio CP2 Black CP2-001-W Display Audio,358188186231,218.0,E,mixed_global,優先国,"DE,AU",DE:3 AU:1
YASKAWA SERVOPACK JUSP-0P02A-2 Digital Operator from Japan NEW,358642596254,218.0,E,unknown,出さない,,非US実績なし
PLOTTER 5012 Narrow Size Liscio Leather Binder Genuine Leather JP Craft,356578914997,216.0,D,global_only,全国,"UK,DE,FR,IT,ES,AU,CA",brand:PLOTTER(全件全国)
PLOTTER 5012 Bible Size 6-Ring Liscio Leather Binder Genuine Leather JP Craft,356739345367,215.5,C,unknown,全国,"UK,DE,FR,IT,ES,AU,CA",brand:PLOTTER(全件全国)
PLOTTER 5001 Bible Size 6-Ring Pueblo Leather Binder Genuine Leather JP Craft,358309950949,214.0,A,global_only,全国,"UK,DE,FR,IT,ES,AU,CA",brand:PLOTTER(全件全国)
Maxell MXCR-200 Bluetooth CD Radio Cassette Recorder USB/TF Recording NEW Japan,358228983726,214.0,E,unknown,全国,"UK,DE,FR,IT,ES,AU,CA",brand:MAXELL(全件全国)
Chichu Art Museum × TRAVELER’S COMPANY Traveler's Notebook 4pc Set New Japan,357476483322,213.39,D,US_only,優先国,"UK,CA",UK:51 CA:32
ONYX BOOX Leaf2 White 7-inch E Ink Reader with Page-Turn Buttons Used fro Japan,357618434395,212.0,S,US_only,出さない,,非US実績なし
Oriental Motor BMUD200-A Brushless DC Motor Driver Single-Phase 100-120 VAC New,357197894617,210.34,S,US_only,出さない,,非US実績なし
PLOTTER 5003 A5 6-Ring Shrink Leather Binder with Accessories NEW from Japan,356821350283,208.0,S,mixed_global,全国,"UK,DE,FR,IT,ES,AU,CA",brand:PLOTTER(全件全国)
Tokyo Koden TA-600 Step-Down Transformer 600W 220-240V to 100V Japan NEW,358403890670,208.0,D,unknown,優先国,DE,DE:1
HP 8447D OPT 010 RF Amplifier 0.1-1300MHz Tested Used Amateur Radio,358472128994,200.0,C,unknown,出さない,,非US実績なし
GASTEC GV-100S Gas Sampling Pump Set Detector Tube Type Ozone GT NEW from Japan,358109293491,199.99,C,mixed_global,出さない,,非US実績なし
Mitsubishi FX5-C32EX/D sequencer in Box New from Japan New,358333743978,199.99,E,unknown,出さない,,非US実績なし
PFU HHKB Professional Classic Keyboard English Layout - Charcoal Black - US,357348256795,199.98,C,global_only,出さない,,非US実績なし
Maxell MXCP-P100S Speaker-Equipped Portable Cassette Player MXCP-P100,357403824392,199.98,C,US_only,全国,"UK,DE,FR,IT,ES,AU,CA",brand:MAXELL(全件全国)
HILTI SMD 57 Screw Magazine Attachment for SD 5000-22 SMD57 NEW from Japan,357166122965,199.8,A,US_only,優先国,"DE,CA",DE:7 CA:7
Razer THX Onyx Portable DAC Headphone Amplifier USED Good Condition from JP,356939649752,199.0,A,US_only,出さない,,非US実績なし
TOA ZM-104A Impedance Meter Lightly Used in Excellent Condition from Japan,357963581897,199.0,E,US_only,優先国,DE,DE:1
OMRON Safety Network DeviceNet Controller NE1A-SCPU01-V1 tested from Japan,358646781424,198.64,E,unknown,出さない,,非US実績なし
Sony PlayStation SCPH-1050 Offcial RGB SCART Cable PS1 PS2 NEW from Japan,357038477230,198.54,S,mixed_global,全国,"UK,DE,FR,IT,ES,AU,CA",rankS+mixed_global(国際需要あり)
"Weekly Shonen Jump × Backside Works poster No.24 ""Logo: Blue"" from Japan",358212419810,198.0,B,unknown,出さない,,非US実績なし
Leica DISTO X310 Laser Distance Meter 0.05–120m Range Tested Working Used,357898016792,198.0,B,mixed_global,優先国,"AU,FR",AU:3 FR:3
Tektronix P6139A Passive Voltage Probe 500MHz 10X 8pF 10MΩ  Used,357468170662,198.0,C,unknown,出さない,,非US実績なし
HIOKI CT9667 Flexible Clamp On Sensor Current Probe Tested Working Japan,358343669478,198.0,B,global_only,優先国,AU,AU:2
Beams Limited KM5 Instant Disk Audio CP1 CLEAR CD Bluetooth Player from JPN,357160266297,198.0,S,mixed_global,全国,"UK,DE,FR,IT,ES,AU,CA",rankS+mixed_global(国際需要あり)
Petra Collins Coming of Age Photo Book ver Japanese Used Excellent Condition,357353174724,198.0,S,mixed_global,全国,"UK,DE,FR,IT,ES,AU,CA",rankS+mixed_global(国際需要あり)
FLIR ONE Gen 3 Thermal Camera for Android Smartphone USB-C Excellent Condition,358062317889,198.0,E,global_only,優先国,DE,DE:1
A&D EW-1500i-K Digital Weighing Scale with Manual & Power Cord Japan,358074539017,198.0,D,unknown,出さない,,非US実績なし
Graphtec B538 20-Channel Expansion Terminal for GL800/GL820 Tested Used,358485950991,198.0,E,mixed_global,優先国,"IT,ES",IT:1 ES:1
Cohana Wooden Bottom Tool Pouch Oak Wood Red Limited Color New from Japan,358170108631,198.0,D,unknown,出さない,,非US実績なし
Google Pixel Tablet Charging Speaker Dock GA03944-US Hazel Gray from Japan,358178581550,198.0,A,US_only,全国,"UK,DE,FR,IT,ES,AU,CA",brand:GOOGLE(全件全国)
A&D EW-1500i-K Personal Precision Balance New from Japan,358595097153,198.0,E,unknown,出さない,,非US実績なし
TRIFIELD TF2 Digital EMF Meter Electromagnetic Field Radiation Detector Tested,358606532160,198.0,C,global_only,出さない,,非US実績なし
Mountaineering Manaslu 1954-6 Published by Mainichi Newspapers,358610773293,198.0,E,unknown,出さない,,非US実績なし
PFU HHKB Professional Classic Keyboard English Layout - White- US,357348261946,196.5,A,global_only,優先国,"DE,AU",DE:3 AU:2
Razer HyperFlux V2 Hard Edition Gaming Mouse Pad Wireless Charging NEW Japan,358212416242,196.5,S,US_only,出さない,,非US実績なし
PLOTTER 5001 Narrow Size Pueblo Leather Binder Genuine Leather JP Craft,356739310346,195.5,B,global_only,全国,"UK,DE,FR,IT,ES,AU,CA",brand:PLOTTER(全件全国)
Fluke DSP-FTA440 U22-22K Gigabit MM Fiber Test Adapter  DSP-4000 DSP-4300,358377470398,195.0,D,unknown,優先国,IT,IT:1
YUKI AIM Polar 65 KATANA Collection Keyboard AS-KB165WHUS-YUKI USED Very Good,357267376383,193.98,S,mixed_global,全国,"UK,DE,FR,IT,ES,AU,CA",rankS+mixed_global(国際需要あり)
PLOTTER 5016 Narrow Size Horse Hair II Leather Binder Genuine Leather JP Craft,356739332851,189.0,B,global_only,全国,"UK,DE,FR,IT,ES,AU,CA",brand:PLOTTER(全件全国)
Kyoritsu 2033 Cue Snap AC/DC Current Measurement Clamp Meter New From Japan,357609467278,188.58,D,global_only,優先国,"DE,AU",DE:6 AU:4
A LA PARISIENNE Photo Book by Jean-François Jonvelle NICE CLAUP Japan Hardcover,357978784016,188.0,D,unknown,出さない,,非US実績なし
PLOTTER 5016 Bible Size 6-Ring Horse Hair II Leather Binder Genuine Leather JP,356739329438,188.0,A,global_only,全国,"UK,DE,FR,IT,ES,AU,CA",brand:PLOTTER(全件全国)
HIOKI 9661-01 Clamp On Sensor 9661 AC 500A Voltage Output Type Used from Japan,358166373769,185.99,D,unknown,出さない,,非US実績なし
PLOTTER 5003 A5 Size 6-Ring Shrink Leather Binder Genuine Leather JP Craft,358309960189,183.0,C,global_only,全国,"UK,DE,FR,IT,ES,AU,CA",brand:PLOTTER(全件全国)
AKAI RC-21 Wired Remote Control for Reel To Reel Tape Recorder with Box,358158853598,180.0,E,unknown,優先国,DE,DE:1
Sony ICD-TX660 Digital Voice Recorder 16GB Built-in Memory Black Slim Design NEW,358170061863,179.3,S,US_only,優先国,"AU,CA",AU:5 CA:4
TOYOTA The Land Cruiser 50th Anniversary Book 1951-2001 Collector's Edition,357744677965,179.0,C,mixed_global,優先国,"CA,AU",CA:2 AU:1
OSHIMA SANGYO PET-1100R OPPAMA Pulse Engine Tachometer Gasoline Engine from JPN,357669252444,177.0,D,mixed_global,優先国,"CA,DE",CA:1 DE:1
Brother PocketJet PJ-723 Mobile Thermal Printer A4 USB New Open Box from Japan,357374753803,176.5,S,US_only,優先国,"IT,DE",IT:3 DE:1
STAX Arc Assembly Headband Spare Part for SR-L700MK2/L300/L500/L700 NEW Japan,358306077246,174.9,D,mixed_global,優先国,"DE,AU",DE:5 AU:3
TriField Meter 100XE EMF Meter Electromagnetic Field Radiation Detector Tested,358521324117,174.5,E,mixed_global,優先国,"DE,AU",DE:5 AU:3
Le Creuset Mini Blueberry Cocotte Vegetable Series 0.6L 20zo Stoneware NEW,357112156749,174.21,S,US_only,優先国,"CA,DE",CA:8 DE:5
Furutech GTX-D(G) 24K Gold Audiophile Duplex Receptacle GTX-D New from Japan,357043146449,174.0,C,mixed_global,出さない,,非US実績なし
Attack on Titan Original Soundtrack 1 2 3 4 Complete Set Final Season OST CDs,357015636270,169.88,A,mixed_global,優先国,"DE,CA",DE:1 CA:1
Eagle Racing Motor dyno MD1-V2 Brush Motor Only 2493V2 Pro Spec Power New Japan,356731940837,169.8,S,mixed_global,全国,"UK,DE,FR,IT,ES,AU,CA",rankS+mixed_global(国際需要あり)
Yaskawa SGDV-120A11A SERVOPACK SGDV120A11A Used Tested From Japan,358537337009,168.0,E,global_only,出さない,,非US実績なし
PLOTTER 5016 Mini 6-Ring Horse Hair II Leather Binder Genuine Leather JP Craft,356739334208,168.0,D,unknown,全国,"UK,DE,FR,IT,ES,AU,CA",brand:PLOTTER(全件全国)
Oriental Motor BLM5120HP-15S Brushless Motor BLM5120HP-GFV GFV5G15S from Japan,358526485786,165.0,E,global_only,優先国,CA,CA:3
BOSE SoundWear Companion Wearable Neck Speaker w/ Original Cover Tested Japan,357308278035,164.97,B,US_only,優先国,"CA,IT",CA:6 IT:5
HOKUYO UTM-30LX-EW LIDAR Sensor 270° 30m Ethernet Tested Japan Used,358244234125,164.0,C,global_only,優先国,IT,IT:4
PLOTTER 5012 Mini 6-Ring Liscio Leather Binder Genuine Leather JP Craft,356739343901,164.0,C,unknown,全国,"UK,DE,FR,IT,ES,AU,CA",brand:PLOTTER(全件全国)
PLOTTER 5001 Mini 6-Ring Pueblo Leather Binder Genuine Leather JP Craft,356739311462,162.0,C,mixed_global,全国,"UK,DE,FR,IT,ES,AU,CA",brand:PLOTTER(全件全国)
CRYPTON VOCALOID4 Megurine LUKA V4X Music Software Win Mac English Japanese New,357065276999,161.39,A,US_only,優先国,"DE,UK",DE:1 UK:1
YOKOGAWA TY720 Digital Multimeter Tester Voltage Meter  Tested from Japan,357249097742,161.0,S,mixed_global,全国,"UK,DE,FR,IT,ES,AU,CA",rankS+mixed_global(国際需要あり)
RICOH C3503 IMAGIO MP Toner Domestic genuine product 4 -color set Japan New,357128923699,160.0,S,mixed_global,全国,"UK,DE,FR,IT,ES,AU,CA",rankS+mixed_global(国際需要あり)
Yaskawa SGD7S-R90A20A ServoPack AC200V 0.1kW MECHATROLINK-III Used Tested,358598080395,160.0,E,unknown,出さない,,非US実績なし
Kyoritsu Electric Instruments Precision Measurement Code Set 7245A New JP,358618368617,159.99,D,unknown,出さない,,非US実績なし
Maxell MXCP-P100S Portable Cassette Player with Speaker MXCP-P100 from Japan,357403835738,159.98,C,US_only,全国,"UK,DE,FR,IT,ES,AU,CA",brand:MAXELL(全件全国)
Google Pixel Tablet Case Hazel GA04462-WW Hazel Genuine New from Japan,358133592772,159.0,S,mixed_global,全国,"UK,DE,FR,IT,ES,AU,CA",brand:GOOGLE(全件全国)
Leica Disto X310 Laser Distance Measurement Used Tested from Japan,357414236596,158.99,C,mixed_global,優先国,"AU,FR",AU:3 FR:3
Audio-Technica ATH-CKS50TW2 BG Wireless Noise Cancelling Earbuds SOLID BASS,358293605217,158.0,D,global_only,優先国,"DE,AU",DE:2 AU:1
BOSS ME-70 Guitar Effects Pedal Multi-Effects Pedal  Used Tested From Japan,357097599119,158.0,C,mixed_global,優先国,"AU,DE",AU:6 DE:2
Keyence IV-G500CA Color Vision Sensor Used Tested Excellent Condition from Japan,357905657935,158.0,D,unknown,出さない,,非US実績なし
PLOTTER 5001 Pueblo Mini 6-Ring Binder Brown Gold Rings with Set – Used,356821365906,158.0,S,mixed_global,全国,"UK,DE,FR,IT,ES,AU,CA",brand:PLOTTER(全件全国)
Eotech Xps-3 Type Dot Site G33-Sts Type 3X Booster Set Marking replica Black NEW,358158896179,158.0,C,US_only,優先国,"AU,CA",AU:3 CA:3
"Weekly Shonen Jump × Backside Works Logo Figure ""Logo: Blue"" Anime Art Print",357237235803,158.0,A,unknown,出さない,,非US実績なし
AUREX AX-RP10 Bluetooth Record Player Display Your Album Jacket New from Japan,357471276447,156.0,S,mixed_global,全国,"UK,DE,FR,IT,ES,AU,CA",rankS+mixed_global(国際需要あり)
PLOTTER 5012 Mini 5 Size 5-Ring Liscio Leather Binder Genuine Leather JP Craft,356739346076,154.5,C,unknown,全国,"UK,DE,FR,IT,ES,AU,CA",brand:PLOTTER(全件全国)
Baccarat 2025 Aria Tumblers Set of 2 Rock Glass NEW In Box from Japan,356534387172,154.07,S,US_only,優先国,AU,AU:2
PLOTTER 5016 Mini 5 Size 5-Ring Horse Hair II Leather Binder Genuine Leather JP,356739327753,154.0,C,unknown,全国,"UK,DE,FR,IT,ES,AU,CA",brand:PLOTTER(全件全国)
Logitech Logicool G733 KDA LIGHTSPEED Wireless Gaming Headset from Japan,357682809100,153.99,C,mixed_global,優先国,"CA,AU",CA:2 AU:1
Google Pixel Tablet Case Porcelain GA04446-WW Genuine New from Japan,358133622869,153.0,S,US_only,全国,"UK,DE,FR,IT,ES,AU,CA",brand:GOOGLE(全件全国)
PLOTTER 5003 Narrow Size Shrink Leather Binder Genuine Leather JP Craft,356739323708,151.0,D,global_only,全国,"UK,DE,FR,IT,ES,AU,CA",brand:PLOTTER(全件全国)
Vocaloid4 CRYPTON KAGAMINE RIN LEN V4X English Bundle DVD Software Japan New,356742358164,150.34,S,mixed_global,全国,"UK,DE,FR,IT,ES,AU,CA",rankS+mixed_global(国際需要あり)
Kuretake Shimbi Paint Color Ink Saiboku Japanese Stick 14 Colors Set Gansai AK8,357440667626,148.0,C,mixed_global,優先国,"CA,UK",CA:1 UK:1
Google Pixel Tablet Speaker Dock Charging Holder White Tested Working,358573444965,148.0,C,US_only,全国,"UK,DE,FR,IT,ES,AU,CA",brand:GOOGLE(全件全国)
CRYPTON VOCALOID4 Hatsune Miku V4X  incl. ENGLISH PACKAGE Software Japan New,356441317186,146.9,S,mixed_global,全国,"UK,DE,FR,IT,ES,AU,CA",rankS+mixed_global(国際需要あり)
PLOTTER 5001 Mini 5 Size 5-Ring Pueblo Leather Binder Genuine Leather JP Craft,358309947715,146.5,C,global_only,全国,"UK,DE,FR,IT,ES,AU,CA",brand:PLOTTER(全件全国)
LightPix Labs FlashQ Q20II Wireless Strobe Camera Flash Light NEW from Japan,356364841116,146.0,C,unknown,出さない,,非US実績なし
YOKOGAWA CL220 Mini Clamp Tester with Carrying Case Used Tested from Japan,356759112553,145.0,A,US_only,優先国,AU,AU:1
ELECOM bitra Trackball Mouse Bluetooth 5 Buttons Black M-MT1MRSABK from Japan,358158770802,145.0,C,US_only,出さない,,非US実績なし
RKC CB100 D501 Digital Temperature Controller Indicator Unused Japan,358646782525,145.0,E,global_only,出さない,,非US実績なし
Keyence FD-Q20C Clamp On Flow Sensor Meter FD-Q FD Tested Used from Japan,358147960885,142.0,E,mixed_global,優先国,"DE,CA",DE:5 CA:3
Boss BR-80 MICRO BR Digital Recorder w/ Box Manual Tested Used Japan,358312279554,142.0,C,mixed_global,優先国,"CA,DE",CA:9 DE:4
PLOTTER 5003 Bible Size 6-Ring Shrink Leather Binder Genuine Leather JP Craft,356739323243,139.5,C,global_only,全国,"UK,DE,FR,IT,ES,AU,CA",brand:PLOTTER(全件全国)
SUMITOMO JR-6 ELECTRIC Hot Jacket Remover Used Tested Working from Japan,358392022782,138.0,C,US_only,出さない,,非US実績なし
PLOTTER 5003 Mini  Size 6-Ring Shrink Leather Binder Genuine Leather JP Craft,356739322701,136.5,E,global_only,全国,"UK,DE,FR,IT,ES,AU,CA",brand:PLOTTER(全件全国)
Baccarat 2022 Tumbler CRYSTA Pair Glass Crystal Rock Set of  Crysta NEW,356420645893,135.53,B,US_only,優先国,AU,AU:1
KEYENCE FD-Q10C Digital Clamp-on Flow Sensor Control System Tested Used Japan,357901079852,134.9,D,mixed_global,優先国,CA,CA:2
KEYENCE LR-XH250 Sensor New Unused from Japan,358602208317,134.0,E,unknown,出さない,,非US実績なし
EPSON Film Holder GTFLUHLD1 For GT-X980 1.02 Kilograms  New From Japan,357439912074,132.0,B,US_only,優先国,DE,DE:1
HIOKI 9555-10 Sensor Unit Power Supply AC Adapter Used Tested From Japan,357834185099,129.88,D,mixed_global,出さない,,非US実績なし
SHELTER Audio Stereo MM Cartridge MODEL 201 Stereo Cartridge New Japan,357365337775,129.0,C,global_only,優先国,"DE,CA",DE:6 CA:2
HIOKI 9694 Clamp on Sensor for 3169/3196/8800 Used 2 unit Set from Japan,357027509604,128.0,A,global_only,優先国,"AU,CA",AU:3 CA:2
Keyence GS-71N5 Safety Door Sensor GS71N5 New In Box from Japan,358610773506,128.0,E,unknown,出さない,,非US実績なし
KEYENCE FD-EPH6 Flow Sensor New 2025 Model Genuine Japan,358642596027,127.0,E,US_only,出さない,,非US実績なし
Ohuhu x Sanrio 80 Color + 1 Blender Brush & Fine Marker Set Pastel Tones NEW,357443534474,125.0,S,mixed_global,全国,"UK,DE,FR,IT,ES,AU,CA",rankS+mixed_global(国際需要あり)
Ohuhu x Sanrio 80 Color + 1 Blender Brush & Broad Marker Set Pastel Tones NEW,357443576702,125.0,S,mixed_global,全国,"UK,DE,FR,IT,ES,AU,CA",rankS+mixed_global(国際需要あり)
KEYENCE SC-S11 Controller Sensor New In Box From Japan,358395808963,125.0,C,mixed_global,出さない,,非US実績なし
OMRON CJ1W-CT021 Counter Unit PLC Module Tested Used Excellent from Japan,358577945307,123.99,E,unknown,出さない,,非US実績なし
Bonsai Taikan Exhibition 44th Commemorative Album – Rare Collector's Item Japan,358602206964,121.0,E,unknown,出さない,,非US実績なし
Nissyo NDF-1500-U Step Down Transformer 1500W AC120V to 100V Japan Used,358313895116,119.0,D,unknown,出さない,,非US実績なし
PLOTTER 5003 Mini 5 Size 5-Ring Shrink Leather Binder Genuine Leather JP Craft,356739321184,119.0,B,mixed_global,全国,"UK,DE,FR,IT,ES,AU,CA",brand:PLOTTER(全件全国)
HITACHI EH-XD16 Industrial Controller Used Tested Working From Japan,358544991726,117.83,E,unknown,出さない,,非US実績なし
WEINTEK cMT-FHD External Touch Monitor from Japan NEW,358133671322,114.5,C,global_only,優先国,"AU,FR",AU:1 FR:1
Ryuichi Sakamoto Exhibition Official Catalog seeing sound hearing time NEW,356630370369,114.0,S,mixed_global,全国,"UK,DE,FR,IT,ES,AU,CA",rankS+mixed_global(国際需要あり)
Bonsai Taikan Exhibition 41th Commemorative Album – Rare Collector's Item Japan,358598081633,114.0,E,unknown,出さない,,非US実績なし
Bonsai Taikan Exhibition 39th Commemorative Album – Rare Collector's Item Japan,358602204952,114.0,E,unknown,出さない,,非US実績なし
Bonsai Taikan Exhibition 42th Commemorative Album – Rare Collector's Item Japan,358602205596,114.0,E,unknown,出さない,,非US実績なし
Bonsai Taikan Exhibition 37th Commemorative Album – Rare Collector's Item Japan,358606532993,114.0,E,unknown,出さない,,非US実績なし
Bonsai Taikan Exhibition 36th Commemorative Album – Rare Collector's Item Japan,358606533655,114.0,E,unknown,出さない,,非US実績なし
Sony ICD-TX650(T) 16GB Stereo IC Recorder Sepia Brown Used Japan,357915823659,113.0,E,US_only,優先国,FR,FR:1
OLYMPUS LS-P4 IC Voice Recorder Digital Audio Recorder Used w/ Case Japan,358544992223,113.0,E,mixed_global,優先国,"DE,AU",DE:3 AU:1
ANEX offset adapter 19: Side 19mm Multi-set AOA-19S2 in box from Japan NEW,357392557993,113.0,S,mixed_global,全国,"UK,DE,FR,IT,ES,AU,CA",rankS+mixed_global(国際需要あり)
Bonsai Taikan Exhibition 34th Commemorative Album – Rare Collector's Item Japan,358598078346,113.0,E,unknown,出さない,,非US実績なし
KEYENCE KV-C64XC I/O Expansion Unit for KV Series PLC Brand New Japan,357229843582,112.98,D,unknown,出さない,,非US実績なし
Bonsai Taikan Exhibition 33th Commemorative Album – Rare Collector's Item Japan,358598078037,112.0,E,unknown,出さない,,非US実績なし
Fujikura FID-25R Fiber Identifier Optical Detector Tester Used Tested Working,358614834860,111.84,E,mixed_global,出さない,,非US実績なし
Bonsai Taikan Exhibition 35th Commemorative Album – Rare Collector's Item Japan,358598078791,111.0,E,unknown,出さない,,非US実績なし
Bonsai Taikan Exhibition 38th Commemorative Album – Rare Collector's Item Japan,358606532732,111.0,E,unknown,出さない,,非US実績なし
DENSO 5m USB Cable For DST-010 (Green) / 95171-14021 - Genuine Japan NEW,358046729862,110.0,S,US_only,優先国,"CA,FR",CA:2 FR:1
DENSO 2m USB Cable For DST-010 (Green) / 95171-13780  Genuine Japan NEW,358151474036,108.99,B,unknown,出さない,,非US実績なし
Luxman AS-4III Line Selector Audio Switcher Tested Working from Japan,358338130807,108.0,E,mixed_global,優先国,"DE,AU",DE:8 AU:7
Astell&Kern AK UW100MKII True Wireless Earphone IRV-AK-UW100-MKII Used w/Box,357375283864,107.5,B,global_only,優先国,"AU,DE",AU:3 DE:3
BAND-MAID WORLD DOMINATION (First Press Limited Edition B)  CD + DVD JAPAN,357016708064,107.49,B,US_only,優先国,"DE,ES",DE:5 ES:1
Bonsai Taikan Exhibition 43th Commemorative Album – Rare Collector's Item Japan,358602206370,107.0,E,unknown,出さない,,非US実績なし
Bonsai Taikan Exhibition 32th Commemorative Album – Rare Collector's Item Japan,358606534607,107.0,E,unknown,出さない,,非US実績なし
MOLESKINE BLACKPINK Undated Planner Large Size Boxed Limited K-POP New Japan,358151381265,106.0,E,unknown,出さない,,非US実績なし
Bonsai Taikan Exhibition 15th Commemorative Album – Rare Collector's Item Japan,358606533464,105.98,E,unknown,出さない,,非US実績なし
Baccarat 2014 STELLA Crystal Rock 2 Glasses with Box From Japan NEW,358126085020,105.0,E,US_only,出さない,,非US実績なし
PLOTTER 5001 3-Ring Pueblo Leather Binder Genuine Leather JP Craft,358309956135,103.0,C,unknown,全国,"UK,DE,FR,IT,ES,AU,CA",brand:PLOTTER(全件全国)
RSA-1 Slidac Variable Auto Transformer 100W AC Voltage Regulator Tested Japan,358548831391,100.0,E,unknown,出さない,,非US実績なし
Questyle QCC Dongle Pro Lossless Bluetooth Transmitter Mfi Certified NEW,357284346148,99.7,S,mixed_global,全国,"UK,DE,FR,IT,ES,AU,CA",rankS+mixed_global(国際需要あり)
APA Hotel Original Toothbrush Set (50 pcs) – Black & White Options Japan NEW,357015395776,99.0,B,unknown,出さない,,非US実績なし
Leica DISTO D2 Laser Distance Meter  Tested Japan,357418890043,98.5,B,global_only,優先国,"UK,IT",UK:2 IT:1
The Legend of Zelda Tears of the Kingdom Collector's Edition (JP Ver) + Cushion,358026758037,98.0,C,US_only,優先国,"CA,DE",CA:120 DE:87
Pioneer Rayz Plus SE-LTC5R-T Lightning-Powered Noise Canceling Earphone Bronze,357381526695,98.0,S,mixed_global,全国,"UK,DE,FR,IT,ES,AU,CA",rankS+mixed_global(国際需要あり)
PLOTTER 5015 Mini 5 Size 5-Ring Bridle Leather Binder Genuine Leather JP Craft,356739350043,98.0,A,mixed_global,全国,"UK,DE,FR,IT,ES,AU,CA",brand:PLOTTER(全件全国)
Pioneer Rayz Plus SE-LTC5R-T Lightning-Powered Noise Canceling Earphone Silver,357383080893,96.0,S,mixed_global,全国,"UK,DE,FR,IT,ES,AU,CA",rankS+mixed_global(国際需要あり)
PLOTTER 5003 3-Ring Shrink Leather Binder Genuine Leather JP Craft,356739322438,96.0,D,global_only,全国,"UK,DE,FR,IT,ES,AU,CA",brand:PLOTTER(全件全国)
LANGOGO GENESIS 2-in-1 Voice Translator Device Real-Time 104 Languages Black JP,357040070021,94.68,C,mixed_global,優先国,"DE,CA",DE:5 CA:2
Keyence XC-T40B1 Conversion Terminal Block Screw Terminal 40 poles New In Box JP,358541081800,94.0,E,unknown,出さない,,非US実績なし
maxell MXCP-P100 Portable Cassette Player White MXCP-P100WH from Japan,357039851157,89.99,S,US_only,全国,"UK,DE,FR,IT,ES,AU,CA",brand:MAXELL(全件全国)
maxell MXCP-P100 Portable Cassette Player Black MXCP-P100BK from Japan,357039873158,89.99,S,US_only,全国,"UK,DE,FR,IT,ES,AU,CA",brand:MAXELL(全件全国)
Baccarat Aria Tumblers 2025 Crystal Glass – Special Edition with 2025 Engraving,356750811453,89.0,C,US_only,優先国,AU,AU:2
Heavy Unit Mega Drive Special MD Genesis Used Japan Import Boxed Tested Working,357835516768,86.0,C,mixed_global,優先国,ES,ES:2
Niigata Seiki WGA-65 Angle Opening Gauge Used Excellent Condition from Japan,357636314239,80.0,C,mixed_global,優先国,UK,UK:1
OMRON Cable Y92S-41-200 Y92S41200 2m for H8PS from Japan NEW,358640915581,79.9,E,US_only,出さない,,非US実績なし
SONY ICD-ST25 Compact Voice Recorder Digital Handheld IC Recorder Tested Japan,356733099716,79.62,A,mixed_global,優先国,UK,UK:1
HIOKI 9694 Clamp-on Sensor for 3169/3196/8800 Used Tested from Japan,356916388679,79.5,C,global_only,優先国,DE,DE:2
ReFa DRY ME Hair Drying Brush Fast Dry Scalp Care New form Japan,357120781241,78.89,B,unknown,優先国,AU,AU:1
Audio-Technica ATH-CKS330NC GR Noise-Canceling  USB Type-C GREEN NEW COLOR,357956095971,78.22,D,US_only,出さない,,非US実績なし
Audio-Technica ATH-CKS330NC BL Noise-Canceling  USB Type-C BLUE NEW COLOR,358598081050,78.22,E,mixed_global,出さない,,非US実績なし
FiND YOTSUBA Photo Book Calendar Yotsubato! with Obi  Used Excellent Condition,357271777387,78.0,C,mixed_global,優先国,"AU,DE",AU:1 DE:1
BNA BRAND NEW ANIMAL Otsukare art book trigger animation anime used one reading,357839228945,75.29,C,US_only,出さない,,非US実績なし
KEYENCE NE-Q05 Ethernet Switch 5-Port Tested Working Used from Japan,358602207527,73.99,E,global_only,出さない,,非US実績なし
Audio-Technica ATH-CKS330NC ATH CKS330NC BK Noise-Canceling  USB Type-C BLACK,356371379534,72.22,S,mixed_global,全国,"UK,DE,FR,IT,ES,AU,CA",rankS+mixed_global(国際需要あり)
Audio-Technica ATH-CKS330NC ATH CKS330NC BG Noise-Canceling  USB Type-C Beige,356371399461,72.22,S,mixed_global,全国,"UK,DE,FR,IT,ES,AU,CA",rankS+mixed_global(国際需要あり)
Yaskawa SGDV-R90A01B SERVOPACK AC Servo Drive Tested Working from Japan,358618370836,69.97,E,unknown,出さない,,非US実績なし
Toshiba 2SJ115-Y ×2 + 2SK405-Y ×2 Matched Complementary Pair Set (4pcs) NOS FET,358286504951,59.0,D,global_only,優先国,"DE,AU",DE:15 AU:3
