商品名(title),eBay item_id,価格USD,在庫数,出品開始日,primary_market,source
ADVANTEST R6144 Programmable DC Voltage Current Generator Tested Working Japan,358135970035,398.0,2,2026-01-20,(NULL),
AKAI RC-21 Wired Remote Control for Reel To Reel Tape Recorder with Box,358158853598,180.0,0,2026-01-26,(NULL),
AMADA DIGIPRO Digital Protractor Bending Angle Measuring Machine Tested W/ Case,358403831980,580.0,0,2026-04-02,(NULL),
AMETEK JOFRA ITC-650A Temperature Calibrator Calibrated 2024 R3446,358334960391,2200.0,0,2026-03-15,(NULL),
ANEX offset adapter 19: Side 19mm Multi-set AOA-19S2 in box from Japan NEW,357392557993,113.0,0,2025-08-01,(NULL),
APA Hotel Original Toothbrush Set (50 pcs) – Black & White Options Japan NEW,357015395776,99.0,9,2025-06-01,(NULL),
Agilent N2795A Single-ended Active Probes DC-1GHz AutoProbe Interface Used,358223832012,689.0,0,2026-02-16,(NULL),
"Anritsu MG3632A Synthesized Signal Generator, 100KHz-2080MHz Used JP AS IS",358003743158,680.0,0,2025-12-10,(NULL),
Anritsu Site Master S331E compact Cable & Antenna Analyzer Calibrated R3366,358120580440,1980.0,0,2026-01-15,(NULL),
Attack on Titan Original Soundtrack 1 2 3 4 Complete Set Final Season OST CDs,357015636270,169.88,3,2025-06-01,(NULL),
BEASTARS Season1 Vol.1 -4 First Limited Edition DVD Disc Complete Set BOX Japan,358139797578,398.0,0,2026-01-21,(NULL),
BOSE SoundWear Companion Wearable Neck Speaker w/ Original Cover Tested Japan,357308278035,164.97,0,2025-07-18,(NULL),
Baccarat 2014 STELLA Crystal Rock 2 Glasses with Box From Japan NEW,358126085020,105.0,1,2026-01-17,(NULL),
Boss BR-80 MICRO BR Digital Recorder w/ Box Manual Tested Used Japan,358312279554,142.0,0,2026-03-11,(NULL),
Brother PocketJet PJ-723 Mobile Thermal Printer A4 USB New Open Box from Japan,357374753803,176.5,3,2025-07-29,(NULL),
Cear Pavé 3D Sound Bluetooth Speaker Compact Cube Cear Pave Black Japan NEW,358150301744,580.0,5,2026-01-24,(NULL),
Cear Pavé 3D Sound Bluetooth Speaker Compact Cube Cear Pave White Japan NEW,358150304580,580.0,5,2026-01-24,(NULL),
Cohana AKA Sewing Kit 2025 Limited Edition Nara Wood Base Tool Set from Japan,358107955974,380.0,0,2026-01-12,(NULL),
Cohana Wooden Bottom Tool Pouch Oak Wood Red Limited Color New from Japan,358170108631,198.0,1,2026-01-29,(NULL),
DENSO 2m USB Cable For DST-010 (Green) / 95171-13780  Genuine Japan NEW,358151474036,108.99,2,2026-01-24,(NULL),
DENSO 5m USB Cable For DST-010 (Green) / 95171-14021 - Genuine Japan NEW,358046729862,110.0,1,2025-12-23,(NULL),
DENSO DST-i Scan Tool Diagnostic Tester Main Unit DN-VIM-003 Used Tested Japan,357671004068,860.0,0,2025-09-26,(NULL),
ELECOM bitra Trackball Mouse Bluetooth 5 Buttons Black M-MT1MRSABK from Japan,358158770802,145.0,3,2026-01-26,(NULL),
Eotech Xps-3 Type Dot Site G33-Sts Type 3X Booster Set Marking replica Black NEW,358158896179,158.0,0,2026-01-26,(NULL),
"Fluke 393 FC True RMS Clamp Meter 1500V CAT III, Compact IP54 Rated NEW from JP",356619729949,390.0,0,2025-02-28,(NULL),
Fujikura FID-30R Optical Fiber Identifier with Power Meter Optical Fiber Tool,357128790931,255.99,0,2025-06-17,(NULL),
GE Panametrics TransPort PT878 Portable Ultrasonic Liquid Flow Meter As Is Japan,358042514439,699.0,0,2025-12-22,(NULL),
Google Pixel Tablet Case Porcelain GA04446-WW Genuine New from Japan,358133622869,153.0,3,2026-01-19,(NULL),
Graphtec GL220 Midi Data Logger Memory Recorder Portable Device Tested Japan,358124480924,530.0,1,2026-01-16,(NULL),
HACH DR3900 VIS Spectrophotometer Water Analysis Lab Instrument,358046641356,1680.0,0,2025-12-23,(NULL),
HITACHI L700-185LFF-0R Inverter Drive Removed From The Working Machine,358147979341,800.0,0,2026-01-23,(NULL),
HP 53181A RF Frequency Counter Tested w/ Calibration Report & Accessories Japan,358166299970,798.0,1,2026-01-28,(NULL),
Japanese Sushi Shari Rice Warmer 5-go NETSUKEN Ever Hot Takumi NS-21N  AC100V,357907189869,598.0,0,2025-11-15,(NULL),
KEYENCE LJ-V7060 High-Speed Inline Profile Measurement Sensor Head Tested,358468752219,458.0,1,2026-05-12,(NULL),
KEYENCE MK-P4 Touch Panel Console Used Working Pull Japan,358027482174,600.0,0,2025-12-17,(NULL),
KM5 Bluetooth CD Player Instant Disk Audio CP2 Black CP2-001-W Display Audio,358188186231,218.0,1,2026-02-04,(NULL),
KM5 Bluetooth CD Player Instant Disk Audio CP2 White CP2-001-W Display Audio,358172563565,218.0,2,2026-01-30,(NULL),
KM5 Lightwear Headphones HP1 Black Lightweight Wireless Headphones New from JPN,357902627187,298.0,1,2025-11-14,(NULL),
KM5 Lightwear Headphones HP1 White Lightweight Wireless Headphones New from JPN,357902623794,298.0,1,2025-11-14,(NULL),
KOWA TSN-1 77-P Spotting Scope Telescope 20x 40x 60x w/Eyepieces from Japan,358274785765,500.0,0,2026-03-01,(NULL),
KYORITSU 2431 Clamp Meter Leakage Current Tester Load Current NEW Japan,358235851800,239.0,1,2026-02-19,(NULL),
KYORITSU 3148A Digital Insulation Resistance Tester 2-Range Compact Megohmmeter,358247895475,398.0,1,2026-02-22,(NULL),
Kikkoman LuciPac A3 Water ATP Test Swabs 100 pcs for Lumitester PD-20/30/Smart,358228793891,228.0,3,2026-02-17,(NULL),
MOLESKINE BLACKPINK Undated Planner Large Size Boxed Limited K-POP New Japan,358151381265,106.0,1,2026-01-24,(NULL),
Marantz PM8006 Integrated Amplifier Stereo Amp Tested Working Used from Japan,358333799417,758.0,1,2026-03-15,(NULL),
Maxell MXCR-200 Bluetooth CD Radio Cassette Recorder USB/TF Recording NEW Japan,358228983726,214.0,1,2026-02-17,(NULL),
Mitutoyo 177-146 Setting Ring  50mm Size  20mm Width  85mm Outside Diameter NEW,358331424308,231.0,1,2026-03-14,(NULL),
Mitutoyo SJ-400 Surftest Surface Roughness Tester 178-946-3 4mN SJ-401 Very Good,358208534918,2780.0,1,2026-02-11,(NULL),
Mitutoyo SURFTEST SJ-410 Surface Roughness Tester Japan 01,358244264123,5000.0,0,2026-02-21,(NULL),
Motherhouse Moomin Hattifatteners L-Style Long Wallet - Premium Leather Design,357941976003,380.0,1,2025-11-24,(NULL),
Motherhouse Moomin L-Style Long Wallet - Premium Leather Design,357941960503,380.0,1,2025-11-24,(NULL),
Motherhouse Moomin Little My L-Style Long Wallet - Premium Leather Design Japan,356554366525,380.0,1,2025-02-10,(NULL),
Motherhouse Moomin Mama L-Style Long Wallet - Premium Leather Collaboration,356554281207,380.0,1,2025-02-10,(NULL),
Motherhouse Moomin Snufkin L-Style Long Wallet - Premium Leather Design,356554323472,380.0,1,2025-02-10,(NULL),
OSHIMA SANGYO PET-1100R OPPAMA Pulse Engine Tachometer Gasoline Engine from JPN,357669252444,177.0,3,2025-09-26,(NULL),
PLOTTER 5001 3-Ring Pueblo Leather Binder Genuine Leather JP Craft,358309956135,103.0,0,2026-03-10,(NULL),
PLOTTER 5001 A5 6-Ring Pueblo Leather Binder Genuine Leather JP Craft,358309952721,269.0,84,2026-03-10,(NULL),
PLOTTER 5001 Bible Size 6-Ring Pueblo Leather Binder Genuine Leather JP Craft,358309950949,214.0,93,2026-03-10,(NULL),
PLOTTER 5001 Mini 5 Size 5-Ring Pueblo Leather Binder Genuine Leather JP Craft,358309947715,146.5,59,2026-03-10,(NULL),
PLOTTER 5001 Mini 6-Ring Pueblo Leather Binder Genuine Leather JP Craft,356739311462,162.0,83,2025-04-04,(NULL),
PLOTTER 5001 Narrow Size Pueblo Leather Binder Genuine Leather JP Craft,356739310346,195.5,83,2025-04-04,(NULL),
PLOTTER 5003 3-Ring Shrink Leather Binder Genuine Leather JP Craft,356739322438,96.0,0,2025-04-04,(NULL),
PLOTTER 5003 A5 6-Ring Shrink Leather Binder with Accessories NEW from Japan,356821342530,218.0,5,2025-04-24,(NULL),
PLOTTER 5003 A5 Size 6-Ring Shrink Leather Binder Genuine Leather JP Craft,358309960189,183.0,80,2026-03-10,(NULL),
PLOTTER 5003 Bible Size 6-Ring Shrink Leather Binder Genuine Leather JP Craft,356739323243,139.5,96,2025-04-04,(NULL),
PLOTTER 5003 Mini  Size 6-Ring Shrink Leather Binder Genuine Leather JP Craft,356739322701,136.5,84,2025-04-04,(NULL),
PLOTTER 5003 Mini 5 Size 5-Ring Shrink Leather Binder Genuine Leather JP Craft,356739321184,119.0,60,2025-04-04,(NULL),
PLOTTER 5003 Narrow Size Shrink Leather Binder Genuine Leather JP Craft,356739323708,151.0,84,2025-04-04,(NULL),
PLOTTER 5012 A5 6-Ring Liscio Leather Binder Genuine Leather JP Craft,356739344931,280.0,84,2025-04-04,(NULL),
PLOTTER 5012 Bible Size 6-Ring Liscio Leather Binder Genuine Leather JP Craft,356739345367,215.5,96,2025-04-04,(NULL),
PLOTTER 5012 Mini 5 Size 5-Ring Liscio Leather Binder Genuine Leather JP Craft,356739346076,154.5,60,2025-04-04,(NULL),
PLOTTER 5012 Mini 6-Ring Liscio Leather Binder Genuine Leather JP Craft,356739343901,164.0,11,2025-04-04,(NULL),
PLOTTER 5012 Narrow Size Liscio Leather Binder Genuine Leather JP Craft,356578914997,216.0,84,2025-02-16,(NULL),
PLOTTER 5015 Mini 5 Size 5-Ring Bridle Leather Binder Genuine Leather JP Craft,356739350043,98.0,43,2025-04-04,(NULL),
PLOTTER 5016 A5 6-Ring Horse Hair II Leather Binder Genuine Leather JP Craft,356739326665,238.5,81,2025-04-04,(NULL),
PLOTTER 5016 Bible Size 6-Ring Horse Hair II Leather Binder Genuine Leather JP,356739329438,188.0,89,2025-04-04,(NULL),
PLOTTER 5016 Mini 5 Size 5-Ring Horse Hair II Leather Binder Genuine Leather JP,356739327753,154.0,60,2025-04-04,(NULL),
PLOTTER 5016 Mini 6-Ring Horse Hair II Leather Binder Genuine Leather JP Craft,356739334208,168.0,84,2025-04-04,(NULL),
PLOTTER 5016 Narrow Size Horse Hair II Leather Binder Genuine Leather JP Craft,356739332851,189.0,83,2025-04-04,(NULL),
PSL nwm ONE Star Wars Edition Imperial Model Dark Gray Japan Only,358307209173,398.0,3,2026-03-09,(NULL),
PSL nwm ONE Star Wars Edition Rebel Alliance Model Light Gray Japan Only,358307202870,398.0,3,2026-03-09,(NULL),
Panasonic AU-XPD1 USB 3.0 Express P2 Card Reader Used Tested from Japan,357126873891,226.0,0,2025-06-17,(NULL),
Panasonic LK-RF240U SuperDisk Drive External Floppy Disk Drive Near Mint Japan,358244159645,248.0,0,2026-02-21,(NULL),
RION NA-28 Sound Level Meter Precision Sound Level Meter Free Shipping Japan,358335153622,2200.0,0,2026-03-15,(NULL),
SHARP PC-G850VS Pocket Computer Brand New Unused from Japan,357839289258,480.0,3,2025-10-31,(NULL),
SHARP PC-G850VS Pocket Computer Tested w/manual IN BOX Japan,357218290164,398.0,1,2025-07-03,(NULL),
SHELTER Audio Stereo MM Cartridge MODEL 201 Stereo Cartridge New Japan,357365337775,129.0,2,2025-07-27,(NULL),
STAX Arc Assembly Headband Spare Part for SR-L700MK2/L300/L500/L700 NEW Japan,358306077246,174.9,1,2026-03-09,(NULL),
Sony ICD-TX660 Digital Voice Recorder 16GB Built-in Memory Black Slim Design NEW,358170061863,179.3,0,2026-01-29,(NULL),
Sony PlayStation SCPH-1050 Offcial RGB SCART Cable PS1 PS2 NEW from Japan,357038477230,198.54,0,2025-06-05,(NULL),
Sony Walkman NW-S764K Hatsune Miku 5th Anniversary Edition New Unused from Japan,357322935750,590.0,0,2025-07-20,(NULL),
TRAVELER’S Notebook Limited Set MOOMIN Dad's Memories Moominpappa New,358173626624,239.0,0,2026-01-30,(NULL),
Tektronix TCPA300 Current Probe Amplifier Tested & Excellent Condition from JPN,358120722222,396.0,0,2026-01-15,(NULL),
Tektronix TDS 3034B 4-Ch Color Digital Phosphor Oscilloscope 300MHz R3414,358207286305,580.0,0,2026-02-10,(NULL),
Testo 350 Emission Analyzer Kit Control Unit Analyzer Box Software 2022 TestGOOD,358120654421,1980.0,0,2026-01-15,(NULL),
Thermo Scientific RadEye B20-ER Survey Meter,358062291688,1999.0,0,2025-12-28,(NULL),
Thorlabs MDT694 High Voltage Piezo Controller PZT Driver 0-150V Lab Equipment,358166322333,300.0,0,2026-01-28,(NULL),
Tokyo Koden TA-600 Step-Down Transformer 600W 220-240V to 100V Japan NEW,358403890670,208.0,3,2026-04-02,(NULL),
Wallhack SP-004 Drift Sora Limited Edition Glass Pad Good condition from Japan,357190920884,353.0,1,2025-06-28,(NULL),
"Weekly Shonen Jump × Backside Works Logo Figure ""Logo: Blue"" Anime Art Print",357237235803,158.0,1,2025-07-06,(NULL),
YUKI AIM Polar 65 KATANA Collection Keyboard AS-KB165WHUS-YUKI USED Very Good,357267376383,193.98,0,2025-07-10,(NULL),
