ebay_id,sku,source,item_id,source_url
356420645893,ebayme_32400850054,メルカリ,32400850054,https://jp.mercari.com/item/m32400850054
356663753260,ebayyh_g1225005638,Yahoo Auctions,g1225005638,https://page.auctions.yahoo.co.jp/jp/auction/g1225005638
356742447708,ebayyh_v1179542044,Yahoo Auctions,v1179542044,https://page.auctions.yahoo.co.jp/jp/auction/v1179542044
356776795931,ebayyh_x1223813859,Yahoo Auctions,x1223813859,https://page.auctions.yahoo.co.jp/jp/auction/x1223813859
356788801428,ebayRT_sg6ei,楽天市場,sg6ei,https://item.rakuten.co.jp/sg6ei/
356805605040,ebayYS_iiIcrM,Yahoo!ショッピング,iiIcrM,https://store.shopping.yahoo.co.jp/iiIcrM
356812520518,ebayyh_k1194741917,Yahoo Auctions,k1194741917,https://page.auctions.yahoo.co.jp/jp/auction/k1194741917
356817162296,ebayme_59150634702,メルカリ,59150634702,https://jp.mercari.com/item/m59150634702
356829055464,ebayme_73002319293,メルカリ,73002319293,https://jp.mercari.com/item/m73002319293
356894740595,ebayme_75566673832,メルカリ,75566673832,https://jp.mercari.com/item/m75566673832
356894753785,ebayPF_q1127262325,PayPayフリマ,q1127262325,https://paypayfleamarket.yahoo.co.jp/item/q1127262325
356924389532,ebayme_24631554748,メルカリ,24631554748,https://jp.mercari.com/item/m24631554748
356926874032,ebayRT_DjJe2,楽天市場,DjJe2,https://item.rakuten.co.jp/DjJe2/
357011020594,ebayAM_3le7O,Amazon,3le7O,https://www.amazon.co.jp/dp/3le7O
357014028076,ebayPF_h1201321820,PayPayフリマ,h1201321820,https://paypayfleamarket.yahoo.co.jp/item/h1201321820
357015542068,ebayRT_uEuyC,楽天市場,uEuyC,https://item.rakuten.co.jp/uEuyC/
357027509604,ebayyh_o1216555930,Yahoo Auctions,o1216555930,https://page.auctions.yahoo.co.jp/jp/auction/o1216555930
357039030883,ebayRT_OG5wq,楽天市場,OG5wq,https://item.rakuten.co.jp/OG5wq/
357039805668,ebayme_70860737734,メルカリ,70860737734,https://jp.mercari.com/item/m70860737734
357040009637,ebayme_37956040255,メルカリ,37956040255,https://jp.mercari.com/item/m37956040255
357040095186,ebayYS_0TIYt,Yahoo!ショッピング,0TIYt,https://store.shopping.yahoo.co.jp/0TIYt
357040107675,ebayyh_n1196774667,Yahoo Auctions,n1196774667,https://page.auctions.yahoo.co.jp/jp/auction/n1196774667
357040517515,ebayPF_l1157723711,PayPayフリマ,l1157723711,https://paypayfleamarket.yahoo.co.jp/item/l1157723711
357040543173,ebayPF_z473769182,PayPayフリマ,z473769182,https://paypayfleamarket.yahoo.co.jp/item/z473769182
357042138955,ebayme_91634797640,メルカリ,91634797640,https://jp.mercari.com/item/m91634797640
357051575355,ebayPF_z403885168,PayPayフリマ,z403885168,https://paypayfleamarket.yahoo.co.jp/item/z403885168
357058261270,ebayme_75766922167,メルカリ,75766922167,https://jp.mercari.com/item/m75766922167
357058262058,ebayme_22866637305,メルカリ,22866637305,https://jp.mercari.com/item/m22866637305
357058263323,ebayme_15436896746,メルカリ,15436896746,https://jp.mercari.com/item/m15436896746
357058266894,ebayme_84692355300,メルカリ,84692355300,https://jp.mercari.com/item/m84692355300
357061154041,ebayYS_I8lHe,Yahoo!ショッピング,I8lHe,https://store.shopping.yahoo.co.jp/I8lHe
357075113061,ebayYS_qpWK9,Yahoo!ショッピング,qpWK9,https://store.shopping.yahoo.co.jp/qpWK9
357079442078,ebayyh_k1223374876,Yahoo Auctions,k1223374876,https://page.auctions.yahoo.co.jp/jp/auction/k1223374876
357095507203,ebayyh_j1199935323,Yahoo Auctions,j1199935323,https://page.auctions.yahoo.co.jp/jp/auction/j1199935323
357097745633,ebayme_21595824946,メルカリ,21595824946,https://jp.mercari.com/item/m21595824946
357129118538,ebayme_16317274359,メルカリ,16317274359,https://jp.mercari.com/item/m16317274359
357142382700,ebayyh_c1211157181,Yahoo Auctions,c1211157181,https://page.auctions.yahoo.co.jp/jp/auction/c1211157181
357153297742,ebayyh_w1201778700,Yahoo Auctions,w1201778700,https://page.auctions.yahoo.co.jp/jp/auction/w1201778700
357154563670,ebayAM_LuODR,Amazon,LuODR,https://www.amazon.co.jp/dp/LuODR
357159869804,ebayme_83497661362,メルカリ,83497661362,https://jp.mercari.com/item/m83497661362
357160266297,ebayRT_hWe8O,楽天市場,hWe8O,https://item.rakuten.co.jp/hWe8O/
357164737968,ebayRT_k6Yos,楽天市場,k6Yos,https://item.rakuten.co.jp/k6Yos/
357174731081,ebayme_39976223117,メルカリ,39976223117,https://jp.mercari.com/item/m39976223117
357197963540,ebayYS_eo5iA,Yahoo!ショッピング,eo5iA,https://store.shopping.yahoo.co.jp/eo5iA
357200863085,ebayyh_f1223945810,Yahoo Auctions,f1223945810,https://page.auctions.yahoo.co.jp/jp/auction/f1223945810
357218701229,ebayyh_m1208996117,Yahoo Auctions,m1208996117,https://page.auctions.yahoo.co.jp/jp/auction/m1208996117
357229843582,ebayPF_f1187821169,PayPayフリマ,f1187821169,https://paypayfleamarket.yahoo.co.jp/item/f1187821169
357237222884,ebayme_48179739657,メルカリ,48179739657,https://jp.mercari.com/item/m48179739657
357237226216,ebayme_34004542298,メルカリ,34004542298,https://jp.mercari.com/item/m34004542298
357249097742,ebayyh_k1221648415,Yahoo Auctions,k1221648415,https://page.auctions.yahoo.co.jp/jp/auction/k1221648415
357251084663,ebayyh_h1141306867,Yahoo Auctions,h1141306867,https://page.auctions.yahoo.co.jp/jp/auction/h1141306867
357251092437,ebayYS_RFj8r,Yahoo!ショッピング,RFj8r,https://store.shopping.yahoo.co.jp/RFj8r
357265052119,ebayrm_G570o,ラクマ,G570o,https://item.fril.jp/G570o
357265140400,ebayme_34346239708,メルカリ,34346239708,https://jp.mercari.com/item/m34346239708
357278604140,ebayyh_e1200516521,Yahoo Auctions,e1200516521,https://page.auctions.yahoo.co.jp/jp/auction/e1200516521
357278625007,ebayyh_q1167024293,Yahoo Auctions,q1167024293,https://page.auctions.yahoo.co.jp/jp/auction/q1167024293
357308287727,ebayyh_k1114086083,Yahoo Auctions,k1114086083,https://page.auctions.yahoo.co.jp/jp/auction/k1114086083
357320806290,ebayyh_w1209241221,Yahoo Auctions,w1209241221,https://page.auctions.yahoo.co.jp/jp/auction/w1209241221
357320902718,ebayyh_j1223150255,Yahoo Auctions,j1223150255,https://page.auctions.yahoo.co.jp/jp/auction/j1223150255
357320912425,ebayyh_t1184152737,Yahoo Auctions,t1184152737,https://page.auctions.yahoo.co.jp/jp/auction/t1184152737
357321100358,ebayYS_Qm3OE,Yahoo!ショッピング,Qm3OE,https://store.shopping.yahoo.co.jp/Qm3OE
357334710416,ebayPF_z505137716,PayPayフリマ,z505137716,https://paypayfleamarket.yahoo.co.jp/item/z505137716
357339198862,ebayyh_j1187065410,Yahoo Auctions,j1187065410,https://page.auctions.yahoo.co.jp/jp/auction/j1187065410
357339314633,ebayyh_w1174049004,Yahoo Auctions,w1174049004,https://page.auctions.yahoo.co.jp/jp/auction/w1174049004
357339350132,ebayyh_s1124178394,Yahoo Auctions,s1124178394,https://page.auctions.yahoo.co.jp/jp/auction/s1124178394
357341395077,ebayyh_j1193473176,Yahoo Auctions,j1193473176,https://page.auctions.yahoo.co.jp/jp/auction/j1193473176
357341595768,ebayyh_c1191677059,Yahoo Auctions,c1191677059,https://page.auctions.yahoo.co.jp/jp/auction/c1191677059
357348261946,ebayRT_eHN4k,楽天市場,eHN4k,https://item.rakuten.co.jp/eHN4k/
357353174724,ebayyh_m1153748556,Yahoo Auctions,m1153748556,https://page.auctions.yahoo.co.jp/jp/auction/m1153748556
357367147064,ebayyh_d1192212606,Yahoo Auctions,d1192212606,https://page.auctions.yahoo.co.jp/jp/auction/d1192212606
357371074899,ebayme_75967437293,メルカリ,75967437293,https://jp.mercari.com/item/m75967437293
357371421703,ebayme_62896386627,メルカリ,62896386627,https://jp.mercari.com/item/m62896386627
357383173250,ebayYS_uIL73,Yahoo!ショッピング,uIL73,https://store.shopping.yahoo.co.jp/uIL73
357383352429,ebayme_68097265970,メルカリ,68097265970,https://jp.mercari.com/item/m68097265970
357392695520,ebayyh_m1218715017,Yahoo Auctions,m1218715017,https://page.auctions.yahoo.co.jp/jp/auction/m1218715017
357397734958,ebayyh_p1215914077,Yahoo Auctions,p1215914077,https://page.auctions.yahoo.co.jp/jp/auction/p1215914077
357412799482,ebayme_35359409025,メルカリ,35359409025,https://jp.mercari.com/item/m35359409025
357412844359,ebayyh_w1195336864,Yahoo Auctions,w1195336864,https://page.auctions.yahoo.co.jp/jp/auction/w1195336864
357414236596,ebayyh_l1198731920,Yahoo Auctions,l1198731920,https://page.auctions.yahoo.co.jp/jp/auction/l1198731920
357418184869,ebayme_61081474573,メルカリ,61081474573,https://jp.mercari.com/item/m61081474573
357418445779,ebayyh_b1197142394,Yahoo Auctions,b1197142394,https://page.auctions.yahoo.co.jp/jp/auction/b1197142394
357422953610,ebayme_55046737631,メルカリ,55046737631,https://jp.mercari.com/item/m55046737631
357424904284,ebayyh_p1211601964,Yahoo Auctions,p1211601964,https://page.auctions.yahoo.co.jp/jp/auction/p1211601964
357431181062,ebayyh_g1218698269,Yahoo Auctions,g1218698269,https://page.auctions.yahoo.co.jp/jp/auction/g1218698269
357431224237,ebayRT_gBzgX,楽天市場,gBzgX,https://item.rakuten.co.jp/gBzgX/
357435093266,ebayme_82773248459,メルカリ,82773248459,https://jp.mercari.com/item/m82773248459
357435152551,ebayyh_1183323850,Yahoo Auctions,1183323850,https://page.auctions.yahoo.co.jp/jp/auction/1183323850
357440667626,ebayRT_vywOZ,楽天市場,vywOZ,https://item.rakuten.co.jp/vywOZ/
357451421498,ebayPF_b1207350828,PayPayフリマ,b1207350828,https://paypayfleamarket.yahoo.co.jp/item/b1207350828
357455705607,ebayPF_h1186134385,PayPayフリマ,h1186134385,https://paypayfleamarket.yahoo.co.jp/item/h1186134385
357468170662,ebayRT_xwbZF,楽天市場,xwbZF,https://item.rakuten.co.jp/xwbZF/
357469530683,ebayyh_c1129114173,Yahoo Auctions,c1129114173,https://page.auctions.yahoo.co.jp/jp/auction/c1129114173
357476483322,ebayme_54454064838,メルカリ,54454064838,https://jp.mercari.com/item/m54454064838
357482451887,ebayyh_h1222590926,Yahoo Auctions,h1222590926,https://page.auctions.yahoo.co.jp/jp/auction/h1222590926
357486019917,ebayyh_1186482429,Yahoo Auctions,1186482429,https://page.auctions.yahoo.co.jp/jp/auction/1186482429
357504012041,ebayyh_l1185437016,Yahoo Auctions,l1185437016,https://page.auctions.yahoo.co.jp/jp/auction/l1185437016
357571149159,ebayPF_z475307054,PayPayフリマ,z475307054,https://paypayfleamarket.yahoo.co.jp/item/z475307054
357580346439,ebayyh_s1209007032,Yahoo Auctions,s1209007032,https://page.auctions.yahoo.co.jp/jp/auction/s1209007032
357580418447,ebayyh_u1185213884,Yahoo Auctions,u1185213884,https://page.auctions.yahoo.co.jp/jp/auction/u1185213884
357606446656,ebayme_87462344952,メルカリ,87462344952,https://jp.mercari.com/item/m87462344952
357606725264,ebayyh_l1198620599,Yahoo Auctions,l1198620599,https://page.auctions.yahoo.co.jp/jp/auction/l1198620599
357609390125,ebayyh_f1201447450,Yahoo Auctions,f1201447450,https://page.auctions.yahoo.co.jp/jp/auction/f1201447450
357609682803,ebayPF_z444422228,PayPayフリマ,z444422228,https://paypayfleamarket.yahoo.co.jp/item/z444422228
357613951986,ebayyh_c1199915485,Yahoo Auctions,c1199915485,https://page.auctions.yahoo.co.jp/jp/auction/c1199915485
357618481744,ebayyh_x1158320250,Yahoo Auctions,x1158320250,https://page.auctions.yahoo.co.jp/jp/auction/x1158320250
357623624690,ebayPF_z450068452,PayPayフリマ,z450068452,https://paypayfleamarket.yahoo.co.jp/item/z450068452
357636245982,ebayme_34163664597,メルカリ,34163664597,https://jp.mercari.com/item/m34163664597
357636390202,ebayyh_c1115546465,Yahoo Auctions,c1115546465,https://page.auctions.yahoo.co.jp/jp/auction/c1115546465
357642512504,ebayyh_d1197413108,Yahoo Auctions,d1197413108,https://page.auctions.yahoo.co.jp/jp/auction/d1197413108
357645228641,ebayyh_q1224194132,Yahoo Auctions,q1224194132,https://page.auctions.yahoo.co.jp/jp/auction/q1224194132
357645347587,ebayyh_e1129385732,Yahoo Auctions,e1129385732,https://page.auctions.yahoo.co.jp/jp/auction/e1129385732
357646672274,ebayyh_h1215919606,Yahoo Auctions,h1215919606,https://page.auctions.yahoo.co.jp/jp/auction/h1215919606
357646717986,ebayyh_1191338305,Yahoo Auctions,1191338305,https://page.auctions.yahoo.co.jp/jp/auction/1191338305
357650195070,ebayme_62451594099,メルカリ,62451594099,https://jp.mercari.com/item/m62451594099
357650371827,ebayme_8862099721,メルカリ,8862099721,https://jp.mercari.com/item/m8862099721
357653359551,ebayyh_r1152721169,Yahoo Auctions,r1152721169,https://page.auctions.yahoo.co.jp/jp/auction/r1152721169
357654818769,ebayyh_l1189574309,Yahoo Auctions,l1189574309,https://page.auctions.yahoo.co.jp/jp/auction/l1189574309
357654939066,ebayYS_LK1jL,Yahoo!ショッピング,LK1jL,https://store.shopping.yahoo.co.jp/LK1jL
357659207139,ebayme_67371177485,メルカリ,67371177485,https://jp.mercari.com/item/m67371177485
357659321335,ebayyh_n1206765919,Yahoo Auctions,n1206765919,https://page.auctions.yahoo.co.jp/jp/auction/n1206765919
357665365863,ebayyh_b1200301578,Yahoo Auctions,b1200301578,https://page.auctions.yahoo.co.jp/jp/auction/b1200301578
357665436046,ebayPF_z400651116,PayPayフリマ,z400651116,https://paypayfleamarket.yahoo.co.jp/item/z400651116
357669235042,ebayyh_q1157910854,Yahoo Auctions,q1157910854,https://page.auctions.yahoo.co.jp/jp/auction/q1157910854
357669238923,ebayYS_SLPFZ,Yahoo!ショッピング,SLPFZ,https://store.shopping.yahoo.co.jp/SLPFZ
357669332994,ebayyh_f1215342913,Yahoo Auctions,f1215342913,https://page.auctions.yahoo.co.jp/jp/auction/f1215342913
357670925857,ebayPF_q1176161825,PayPayフリマ,q1176161825,https://paypayfleamarket.yahoo.co.jp/item/q1176161825
357674870517,ebayyh_t1201149043,Yahoo Auctions,t1201149043,https://page.auctions.yahoo.co.jp/jp/auction/t1201149043
357682809100,ebayPF_z565054494,PayPayフリマ,z565054494,https://paypayfleamarket.yahoo.co.jp/item/z565054494
357704249043,ebayyh_r1202223437,Yahoo Auctions,r1202223437,https://page.auctions.yahoo.co.jp/jp/auction/r1202223437
357704296235,ebayyh_l1202312692,Yahoo Auctions,l1202312692,https://page.auctions.yahoo.co.jp/jp/auction/l1202312692
357707986252,ebayyh_c1206445526,Yahoo Auctions,c1206445526,https://page.auctions.yahoo.co.jp/jp/auction/c1206445526
357710717066,ebayyh_s1202299441,Yahoo Auctions,s1202299441,https://page.auctions.yahoo.co.jp/jp/auction/s1202299441
357719413065,ebayme_30278227189,メルカリ,30278227189,https://jp.mercari.com/item/m30278227189
357719417112,ebayme_94578140692,メルカリ,94578140692,https://jp.mercari.com/item/m94578140692
357723710307,ebayPF_z301014652,PayPayフリマ,z301014652,https://paypayfleamarket.yahoo.co.jp/item/z301014652
357723723909,ebayYS_9Y1rg,Yahoo!ショッピング,9Y1rg,https://store.shopping.yahoo.co.jp/9Y1rg
357835516768,ebayme_52194163687,メルカリ,52194163687,https://jp.mercari.com/item/m52194163687
357858148299,ebayyh_j1203267025,Yahoo Auctions,j1203267025,https://page.auctions.yahoo.co.jp/jp/auction/j1203267025
357858989705,ebayyh_p1206302905,Yahoo Auctions,p1206302905,https://page.auctions.yahoo.co.jp/jp/auction/p1206302905
357859072999,ebayme_69160132571,メルカリ,69160132571,https://jp.mercari.com/item/m69160132571
357859463912,ebayme_12486564092,メルカリ,12486564092,https://jp.mercari.com/item/m12486564092
357863425585,ebayyh_p1208500426,Yahoo Auctions,p1208500426,https://page.auctions.yahoo.co.jp/jp/auction/p1208500426
357866939096,ebayPF_z478969594,PayPayフリマ,z478969594,https://paypayfleamarket.yahoo.co.jp/item/z478969594
357896463926,ebayme_16556773134,メルカリ,16556773134,https://jp.mercari.com/item/m16556773134
357896698040,ebayyh_e1200524301,Yahoo Auctions,e1200524301,https://page.auctions.yahoo.co.jp/jp/auction/e1200524301
357896832718,ebayyh_t1153319674,Yahoo Auctions,t1153319674,https://page.auctions.yahoo.co.jp/jp/auction/t1153319674
357896895134,ebayyh_q1205183519,Yahoo Auctions,q1205183519,https://page.auctions.yahoo.co.jp/jp/auction/q1205183519
357900698522,ebayyh_h1164283583,Yahoo Auctions,h1164283583,https://page.auctions.yahoo.co.jp/jp/auction/h1164283583
357901079852,ebayyh_w1222214869,Yahoo Auctions,w1222214869,https://page.auctions.yahoo.co.jp/jp/auction/w1222214869
357902546731,ebayyh_b1217451474,Yahoo Auctions,b1217451474,https://page.auctions.yahoo.co.jp/jp/auction/b1217451474
357905657935,ebayyh_g1181130813,Yahoo Auctions,g1181130813,https://page.auctions.yahoo.co.jp/jp/auction/g1181130813
357910096666,ebayyh_f1115530087,Yahoo Auctions,f1115530087,https://page.auctions.yahoo.co.jp/jp/auction/f1115530087
357915780078,ebayyh_v1206466122,Yahoo Auctions,v1206466122,https://page.auctions.yahoo.co.jp/jp/auction/v1206466122
357915823659,ebayme_75813078759,メルカリ,75813078759,https://jp.mercari.com/item/m75813078759
357923547945,ebayyh_v1205926445,Yahoo Auctions,v1205926445,https://page.auctions.yahoo.co.jp/jp/auction/v1205926445
357935740901,ebayyh_1153924917,Yahoo Auctions,1153924917,https://page.auctions.yahoo.co.jp/jp/auction/1153924917
357935772166,ebayme_69793220268,メルカリ,69793220268,https://jp.mercari.com/item/m69793220268
357937051459,ebayyh_l1203018330,Yahoo Auctions,l1203018330,https://page.auctions.yahoo.co.jp/jp/auction/l1203018330
357940855637,ebayyh_v1207628835,Yahoo Auctions,v1207628835,https://page.auctions.yahoo.co.jp/jp/auction/v1207628835
357942077313,ebayyh_c1208998697,Yahoo Auctions,c1208998697,https://page.auctions.yahoo.co.jp/jp/auction/c1208998697
357942138881,ebayyh_l1209014834,Yahoo Auctions,l1209014834,https://page.auctions.yahoo.co.jp/jp/auction/l1209014834
357944436089,ebayyh_v1220792234,Yahoo Auctions,v1220792234,https://page.auctions.yahoo.co.jp/jp/auction/v1220792234
357947963186,ebayme_11858831196,メルカリ,11858831196,https://jp.mercari.com/item/m11858831196
357947999685,ebayyh_m1132498865,Yahoo Auctions,m1132498865,https://page.auctions.yahoo.co.jp/jp/auction/m1132498865
357948010290,ebayyh_x1197834054,Yahoo Auctions,x1197834054,https://page.auctions.yahoo.co.jp/jp/auction/x1197834054
357955957594,ebayyh_r1209142679,Yahoo Auctions,r1209142679,https://page.auctions.yahoo.co.jp/jp/auction/r1209142679
357960003550,ebayyh_d1217484594,Yahoo Auctions,d1217484594,https://page.auctions.yahoo.co.jp/jp/auction/d1217484594
357963553298,ebayyh_n1223153267,Yahoo Auctions,n1223153267,https://page.auctions.yahoo.co.jp/jp/auction/n1223153267
357963581897,ebayyh_1204370725,Yahoo Auctions,1204370725,https://page.auctions.yahoo.co.jp/jp/auction/1204370725
357967368606,ebayyh_p1206303295,Yahoo Auctions,p1206303295,https://page.auctions.yahoo.co.jp/jp/auction/p1206303295
357974853569,ebayPF_c1161386549,PayPayフリマ,c1161386549,https://paypayfleamarket.yahoo.co.jp/item/c1161386549
357978784016,ebayme_71922763669,メルカリ,71922763669,https://jp.mercari.com/item/m71922763669
357979910097,ebayyh_n1211047272,Yahoo Auctions,n1211047272,https://page.auctions.yahoo.co.jp/jp/auction/n1211047272
357979944862,ebayYS_ndLkZ,Yahoo!ショッピング,ndLkZ,https://store.shopping.yahoo.co.jp/ndLkZ
357979977777,ebayme_79865930870,メルカリ,79865930870,https://jp.mercari.com/item/m79865930870
357998268272,ebayme_13786463372,メルカリ,13786463372,https://jp.mercari.com/item/m13786463372
358003785382,ebayyh_1203815469,Yahoo Auctions,1203815469,https://page.auctions.yahoo.co.jp/jp/auction/1203815469
358003801388,ebayPF_z424286554,PayPayフリマ,z424286554,https://paypayfleamarket.yahoo.co.jp/item/z424286554
358003829426,ebayyh_m1201924443,Yahoo Auctions,m1201924443,https://page.auctions.yahoo.co.jp/jp/auction/m1201924443
358014057510,ebayme_49633796170,メルカリ,49633796170,https://jp.mercari.com/item/m49633796170
358019850558,ebayyh_1187983564,Yahoo Auctions,1187983564,https://page.auctions.yahoo.co.jp/jp/auction/1187983564
358019912875,ebayyh_s1115526940,Yahoo Auctions,s1115526940,https://page.auctions.yahoo.co.jp/jp/auction/s1115526940
358020325265,ebayyh_t1219168012,Yahoo Auctions,t1219168012,https://page.auctions.yahoo.co.jp/jp/auction/t1219168012
358027647403,ebayme_56500264607,メルカリ,56500264607,https://jp.mercari.com/item/m56500264607
358036087171,ebayyh_c1213147655,Yahoo Auctions,c1213147655,https://page.auctions.yahoo.co.jp/jp/auction/c1213147655
358038924298,ebayyh_m1205001179,Yahoo Auctions,m1205001179,https://page.auctions.yahoo.co.jp/jp/auction/m1205001179
358042564452,ebayyh_p1115547614,Yahoo Auctions,p1115547614,https://page.auctions.yahoo.co.jp/jp/auction/p1115547614
358045787764,ebayme_77169832374,メルカリ,77169832374,https://jp.mercari.com/item/m77169832374
358046751626,ebayyh_v1224152609,Yahoo Auctions,v1224152609,https://page.auctions.yahoo.co.jp/jp/auction/v1224152609
358062208935,ebayyh_g1213922391,Yahoo Auctions,g1213922391,https://page.auctions.yahoo.co.jp/jp/auction/g1213922391
358062317889,ebayme_43296413328,メルカリ,43296413328,https://jp.mercari.com/item/m43296413328
358068589135,ebayyh_b1213920587,Yahoo Auctions,b1213920587,https://page.auctions.yahoo.co.jp/jp/auction/b1213920587
358096209294,ebayyh_h1214436890,Yahoo Auctions,h1214436890,https://page.auctions.yahoo.co.jp/jp/auction/h1214436890
358099459585,ebayyh_b1217245604,Yahoo Auctions,b1217245604,https://page.auctions.yahoo.co.jp/jp/auction/b1217245604
358100344265,ebayyh_t1213574764,Yahoo Auctions,t1213574764,https://page.auctions.yahoo.co.jp/jp/auction/t1213574764
358100360553,ebayyh_l1215887265,Yahoo Auctions,l1215887265,https://page.auctions.yahoo.co.jp/jp/auction/l1215887265
358100445011,ebayme_99148442019,メルカリ,99148442019,https://jp.mercari.com/item/m99148442019
358109244387,ebayYS_WyUJx,Yahoo!ショッピング,WyUJx,https://store.shopping.yahoo.co.jp/WyUJx
358109293491,ebayme_15777687812,メルカリ,15777687812,https://jp.mercari.com/item/m15777687812
358119578496,ebayyh_x1206039278,Yahoo Auctions,x1206039278,https://page.auctions.yahoo.co.jp/jp/auction/x1206039278
358124332621,ebayyh_e1215790386,Yahoo Auctions,e1215790386,https://page.auctions.yahoo.co.jp/jp/auction/e1215790386
358124436169,ebayyh_h1216184845,Yahoo Auctions,h1216184845,https://page.auctions.yahoo.co.jp/jp/auction/h1216184845
358126216902,ebayyh_r1215882048,Yahoo Auctions,r1215882048,https://page.auctions.yahoo.co.jp/jp/auction/r1215882048
358126229355,ebayyh_1218909290,Yahoo Auctions,1218909290,https://page.auctions.yahoo.co.jp/jp/auction/1218909290
358126280037,ebayyh_1215878993,Yahoo Auctions,1215878993,https://page.auctions.yahoo.co.jp/jp/auction/1215878993
358127027787,ebayyh_1216225990,Yahoo Auctions,1216225990,https://page.auctions.yahoo.co.jp/jp/auction/1216225990
358130050906,ebayyh_d1213446672,Yahoo Auctions,d1213446672,https://page.auctions.yahoo.co.jp/jp/auction/d1213446672
358130087298,ebayme_45499542220,メルカリ,45499542220,https://jp.mercari.com/item/m45499542220
358130124709,ebayyh_w1216422817,Yahoo Auctions,w1216422817,https://page.auctions.yahoo.co.jp/jp/auction/w1216422817
358132396521,ebayPF_z418707210,PayPayフリマ,z418707210,https://paypayfleamarket.yahoo.co.jp/item/z418707210
358132418717,ebayyh_q1215096425,Yahoo Auctions,q1215096425,https://page.auctions.yahoo.co.jp/jp/auction/q1215096425
358132459796,ebayyh_k1220914337,Yahoo Auctions,k1220914337,https://page.auctions.yahoo.co.jp/jp/auction/k1220914337
358133671322,ebayyh_v1216414671,Yahoo Auctions,v1216414671,https://page.auctions.yahoo.co.jp/jp/auction/v1216414671
358137426334,ebayRT_xpDg0,楽天市場,xpDg0,https://item.rakuten.co.jp/xpDg0/
358139740232,ebayme_90532998731,メルカリ,90532998731,https://jp.mercari.com/item/m90532998731
358140706429,ebayme_17358493382,メルカリ,17358493382,https://jp.mercari.com/item/m17358493382
358140797738,ebayAM_x29VO,Amazon,x29VO,https://www.amazon.co.jp/dp/x29VO
358147960885,ebayyh_s1204314713,Yahoo Auctions,s1204314713,https://page.auctions.yahoo.co.jp/jp/auction/s1204314713
358148038900,ebayyh_f1179225312,Yahoo Auctions,f1179225312,https://page.auctions.yahoo.co.jp/jp/auction/f1179225312
358148077345,ebayyh_d1215362637,Yahoo Auctions,d1215362637,https://page.auctions.yahoo.co.jp/jp/auction/d1215362637
358150456850,ebayyh_l1212849709,Yahoo Auctions,l1212849709,https://page.auctions.yahoo.co.jp/jp/auction/l1212849709
358162656647,ebayyh_u1217319083,Yahoo Auctions,u1217319083,https://page.auctions.yahoo.co.jp/jp/auction/u1217319083
358162739239,ebayme_25339922175,メルカリ,25339922175,https://jp.mercari.com/item/m25339922175
358162769652,ebayyh_o1216687534,Yahoo Auctions,o1216687534,https://page.auctions.yahoo.co.jp/jp/auction/o1216687534
358165318399,ebayyh_n1217403661,Yahoo Auctions,n1217403661,https://page.auctions.yahoo.co.jp/jp/auction/n1217403661
358166373769,ebayyh_x1093322879,Yahoo Auctions,x1093322879,https://page.auctions.yahoo.co.jp/jp/auction/x1093322879
358172778863,ebayyh_x1115522403,Yahoo Auctions,x1115522403,https://page.auctions.yahoo.co.jp/jp/auction/x1115522403
358173678265,ebayme_67772929009,メルカリ,67772929009,https://jp.mercari.com/item/m67772929009
358177619706,ebayme_23602681051,メルカリ,23602681051,https://jp.mercari.com/item/m23602681051
358182152091,ebayyh_w1162751376,Yahoo Auctions,w1162751376,https://page.auctions.yahoo.co.jp/jp/auction/w1162751376
358185352942,ebayyh_c1205874003,Yahoo Auctions,c1205874003,https://page.auctions.yahoo.co.jp/jp/auction/c1205874003
358188230961,ebayPF_z567607732,PayPayフリマ,z567607732,https://paypayfleamarket.yahoo.co.jp/item/z567607732
358192747247,ebayyh_s1115535580,Yahoo Auctions,s1115535580,https://page.auctions.yahoo.co.jp/jp/auction/s1115535580
358192781570,ebayme_91971457024,メルカリ,91971457024,https://jp.mercari.com/item/m91971457024
358195666531,ebayme_43831808668,メルカリ,43831808668,https://jp.mercari.com/item/m43831808668
358195739493,ebayme_39476065799,メルカリ,39476065799,https://jp.mercari.com/item/m39476065799
358198045298,ebayRT_gxc7m,楽天市場,gxc7m,https://item.rakuten.co.jp/gxc7m/
358198845736,ebayRT_HkI1t0,楽天市場,HkI1t0,https://item.rakuten.co.jp/HkI1t0/
358203489136,ebayyh_s1217600007,Yahoo Auctions,s1217600007,https://page.auctions.yahoo.co.jp/jp/auction/s1217600007
358207319749,ebayyh_w1218915259,Yahoo Auctions,w1218915259,https://page.auctions.yahoo.co.jp/jp/auction/w1218915259
358212313412,ebayme_58229585221,メルカリ,58229585221,https://jp.mercari.com/item/m58229585221
358212353572,ebayyh_q1190876799,Yahoo Auctions,q1190876799,https://page.auctions.yahoo.co.jp/jp/auction/q1190876799
358212417187,ebayme_20103954450,メルカリ,20103954450,https://jp.mercari.com/item/m20103954450
358223525062,ebayyh_q1172485375,Yahoo Auctions,q1172485375,https://page.auctions.yahoo.co.jp/jp/auction/q1172485375
358223890376,ebayyh_q1219600215,Yahoo Auctions,q1219600215,https://page.auctions.yahoo.co.jp/jp/auction/q1219600215
358227640685,ebayyh_r1216215778,Yahoo Auctions,r1216215778,https://page.auctions.yahoo.co.jp/jp/auction/r1216215778
358228925781,ebayme_48903649695,メルカリ,48903649695,https://jp.mercari.com/item/m48903649695
358231118488,ebayyh_t1141295648,Yahoo Auctions,t1141295648,https://page.auctions.yahoo.co.jp/jp/auction/t1141295648
358231303274,ebayyh_1219491243,Yahoo Auctions,1219491243,https://page.auctions.yahoo.co.jp/jp/auction/1219491243
358231486875,ebayyh_v1207872084,Yahoo Auctions,v1207872084,https://page.auctions.yahoo.co.jp/jp/auction/v1207872084
358232613542,ebayyh_k1224102596,Yahoo Auctions,k1224102596,https://page.auctions.yahoo.co.jp/jp/auction/k1224102596
358232643219,ebayyh_g1219434164,Yahoo Auctions,g1219434164,https://page.auctions.yahoo.co.jp/jp/auction/g1219434164
358232738325,ebayyh_w1174283364,Yahoo Auctions,w1174283364,https://page.auctions.yahoo.co.jp/jp/auction/w1174283364
358232765117,ebayyh_s1218565486,Yahoo Auctions,s1218565486,https://page.auctions.yahoo.co.jp/jp/auction/s1218565486
358235937830,ebayyh_m1222546134,Yahoo Auctions,m1222546134,https://page.auctions.yahoo.co.jp/jp/auction/m1222546134
358235974642,ebayyh_c1130862429,Yahoo Auctions,c1130862429,https://page.auctions.yahoo.co.jp/jp/auction/c1130862429
358240001005,ebayme_72766968854,メルカリ,72766968854,https://jp.mercari.com/item/m72766968854
358240066116,ebayyh_s1220316348,Yahoo Auctions,s1220316348,https://page.auctions.yahoo.co.jp/jp/auction/s1220316348
358240268479,ebayyh_u1219355319,Yahoo Auctions,u1219355319,https://page.auctions.yahoo.co.jp/jp/auction/u1219355319
358244105322,ebayyh_j1222392954,Yahoo Auctions,j1222392954,https://page.auctions.yahoo.co.jp/jp/auction/j1222392954
358247961131,ebayyh_w1219471843,Yahoo Auctions,w1219471843,https://page.auctions.yahoo.co.jp/jp/auction/w1219471843
358263444562,ebayyh_q1208285646,Yahoo Auctions,q1208285646,https://page.auctions.yahoo.co.jp/jp/auction/q1208285646
358263502661,ebayyh_d1222684422,Yahoo Auctions,d1222684422,https://page.auctions.yahoo.co.jp/jp/auction/d1222684422
358274830101,ebayyh_m1223247537,Yahoo Auctions,m1223247537,https://page.auctions.yahoo.co.jp/jp/auction/m1223247537
358278773058,ebayme_44731528581,メルカリ,44731528581,https://jp.mercari.com/item/m44731528581
358281617371,ebayyh_n1220926694,Yahoo Auctions,n1220926694,https://page.auctions.yahoo.co.jp/jp/auction/n1220926694
358281642898,ebayyh_t1221568673,Yahoo Auctions,t1221568673,https://page.auctions.yahoo.co.jp/jp/auction/t1221568673
358285395539,ebayyh_c1221747865,Yahoo Auctions,c1221747865,https://page.auctions.yahoo.co.jp/jp/auction/c1221747865
358286453220,ebayme_41033809537,メルカリ,41033809537,https://jp.mercari.com/item/m41033809537
358286504951,ebayyh_l1219667840,Yahoo Auctions,l1219667840,https://page.auctions.yahoo.co.jp/jp/auction/l1219667840
358293723954,ebayRT_u66z4,楽天市場,u66z4,https://item.rakuten.co.jp/u66z4/
358293805432,ebayme_12007088063,メルカリ,12007088063,https://jp.mercari.com/item/m12007088063
358293836673,ebayyh_m1220198760,Yahoo Auctions,m1220198760,https://page.auctions.yahoo.co.jp/jp/auction/m1220198760
358293889396,ebayyh_s1221830158,Yahoo Auctions,s1221830158,https://page.auctions.yahoo.co.jp/jp/auction/s1221830158
358293957830,ebayyh_o1221617156,Yahoo Auctions,o1221617156,https://page.auctions.yahoo.co.jp/jp/auction/o1221617156
358294069955,ebayyh_w1216761623,Yahoo Auctions,w1216761623,https://page.auctions.yahoo.co.jp/jp/auction/w1216761623
358294208685,ebayyh_x1222161720,Yahoo Auctions,x1222161720,https://page.auctions.yahoo.co.jp/jp/auction/x1222161720
358294304973,ebayyh_1205669690,Yahoo Auctions,1205669690,https://page.auctions.yahoo.co.jp/jp/auction/1205669690
358299331909,ebayyh_m1214430988,Yahoo Auctions,m1214430988,https://page.auctions.yahoo.co.jp/jp/auction/m1214430988
358299347668,ebayme_58084060843,メルカリ,58084060843,https://jp.mercari.com/item/m58084060843
358299364997,ebayme_98531836411,メルカリ,98531836411,https://jp.mercari.com/item/m98531836411
358299419664,ebayyh_p1150757756,Yahoo Auctions,p1150757756,https://page.auctions.yahoo.co.jp/jp/auction/p1150757756
358299433406,ebayyh_m1160182853,Yahoo Auctions,m1160182853,https://page.auctions.yahoo.co.jp/jp/auction/m1160182853
358299455464,ebayyh_j1168642155,Yahoo Auctions,j1168642155,https://page.auctions.yahoo.co.jp/jp/auction/j1168642155
358305892857,ebayyh_x1222593170,Yahoo Auctions,x1222593170,https://page.auctions.yahoo.co.jp/jp/auction/x1222593170
358306002993,ebayyh_b1206659463,Yahoo Auctions,b1206659463,https://page.auctions.yahoo.co.jp/jp/auction/b1206659463
358306045201,ebayyh_r1221416503,Yahoo Auctions,r1221416503,https://page.auctions.yahoo.co.jp/jp/auction/r1221416503
358307129443,ebayyh_s1222017513,Yahoo Auctions,s1222017513,https://page.auctions.yahoo.co.jp/jp/auction/s1222017513
358310940792,ebayyh_l1194836799,Yahoo Auctions,l1194836799,https://page.auctions.yahoo.co.jp/jp/auction/l1194836799
358310988362,ebayyh_k1211306575,Yahoo Auctions,k1211306575,https://page.auctions.yahoo.co.jp/jp/auction/k1211306575
358311041066,ebayyh_q1013329511,Yahoo Auctions,q1013329511,https://page.auctions.yahoo.co.jp/jp/auction/q1013329511
358311089304,ebayyh_c1224346671,Yahoo Auctions,c1224346671,https://page.auctions.yahoo.co.jp/jp/auction/c1224346671
358313784268,ebayyh_v1205934166,Yahoo Auctions,v1205934166,https://page.auctions.yahoo.co.jp/jp/auction/v1205934166
358313807804,ebayyh_d1170338216,Yahoo Auctions,d1170338216,https://page.auctions.yahoo.co.jp/jp/auction/d1170338216
358313895116,ebayme_74396658434,メルカリ,74396658434,https://jp.mercari.com/item/m74396658434
358319586038,ebayyh_p1222664658,Yahoo Auctions,p1222664658,https://page.auctions.yahoo.co.jp/jp/auction/p1222664658
358321144303,ebayyh_h1200656191,Yahoo Auctions,h1200656191,https://page.auctions.yahoo.co.jp/jp/auction/h1200656191
358321209729,ebayyh_x1221365091,Yahoo Auctions,x1221365091,https://page.auctions.yahoo.co.jp/jp/auction/x1221365091
358321229357,ebayyh_v1222705897,Yahoo Auctions,v1222705897,https://page.auctions.yahoo.co.jp/jp/auction/v1222705897
358321256986,ebayyh_h1223243839,Yahoo Auctions,h1223243839,https://page.auctions.yahoo.co.jp/jp/auction/h1223243839
358321260755,ebayyh_v1222715902,Yahoo Auctions,v1222715902,https://page.auctions.yahoo.co.jp/jp/auction/v1222715902
358321433675,ebayyh_h1219601244,Yahoo Auctions,h1219601244,https://page.auctions.yahoo.co.jp/jp/auction/h1219601244
358331143020,ebayPF_w1208800540,PayPayフリマ,w1208800540,https://paypayfleamarket.yahoo.co.jp/item/w1208800540
358331166129,ebayme_80522728058,メルカリ,80522728058,https://jp.mercari.com/item/m80522728058
358331236308,ebayme_74983762893,メルカリ,74983762893,https://jp.mercari.com/item/m74983762893
358331434887,ebayyh_q1206873661,Yahoo Auctions,q1206873661,https://page.auctions.yahoo.co.jp/jp/auction/q1206873661
358333699300,ebayyh_s1170372712,Yahoo Auctions,s1170372712,https://page.auctions.yahoo.co.jp/jp/auction/s1170372712
358333726388,ebayyh_b1221886718,Yahoo Auctions,b1221886718,https://page.auctions.yahoo.co.jp/jp/auction/b1221886718
358333743978,ebayPF_z514064178,PayPayフリマ,z514064178,https://paypayfleamarket.yahoo.co.jp/item/z514064178
358333759462,ebayyh_w1224478209,Yahoo Auctions,w1224478209,https://page.auctions.yahoo.co.jp/jp/auction/w1224478209
358333826811,ebayyh_x1222785828,Yahoo Auctions,x1222785828,https://page.auctions.yahoo.co.jp/jp/auction/x1222785828
358335045646,ebayme_34498052605,メルカリ,34498052605,https://jp.mercari.com/item/m34498052605
358337803164,ebayyh_o1168715321,Yahoo Auctions,o1168715321,https://page.auctions.yahoo.co.jp/jp/auction/o1168715321
358337853669,ebayme_10652897161,メルカリ,10652897161,https://jp.mercari.com/item/m10652897161
358337872918,ebayme_29606365464,メルカリ,29606365464,https://jp.mercari.com/item/m29606365464
358337936945,ebayme_12229124936,メルカリ,12229124936,https://jp.mercari.com/item/m12229124936
358338047911,ebayme_66031703696,メルカリ,66031703696,https://jp.mercari.com/item/m66031703696
358338130807,ebayyh_l1222575957,Yahoo Auctions,l1222575957,https://page.auctions.yahoo.co.jp/jp/auction/l1222575957
358342224526,ebayyh_b1223275418,Yahoo Auctions,b1223275418,https://page.auctions.yahoo.co.jp/jp/auction/b1223275418
358342452369,ebayyh_m1222939332,Yahoo Auctions,m1222939332,https://page.auctions.yahoo.co.jp/jp/auction/m1222939332
358342508277,ebayyh_d1210158984,Yahoo Auctions,d1210158984,https://page.auctions.yahoo.co.jp/jp/auction/d1210158984
358343669478,ebayyh_q1223310201,Yahoo Auctions,q1223310201,https://page.auctions.yahoo.co.jp/jp/auction/q1223310201
358343709092,ebayme_35939610654,メルカリ,35939610654,https://jp.mercari.com/item/m35939610654
358346794459,ebayyh_v1206136150,Yahoo Auctions,v1206136150,https://page.auctions.yahoo.co.jp/jp/auction/v1206136150
358350744997,ebayyh_p1222096637,Yahoo Auctions,p1222096637,https://page.auctions.yahoo.co.jp/jp/auction/p1222096637
358350815121,ebayyh_p1222682323,Yahoo Auctions,p1222682323,https://page.auctions.yahoo.co.jp/jp/auction/p1222682323
358351861319,ebayyh_1016457067,Yahoo Auctions,1016457067,https://page.auctions.yahoo.co.jp/jp/auction/1016457067
358351923331,ebayyh_c1224427936,Yahoo Auctions,c1224427936,https://page.auctions.yahoo.co.jp/jp/auction/c1224427936
358351999087,ebayyh_o1223384079,Yahoo Auctions,o1223384079,https://page.auctions.yahoo.co.jp/jp/auction/o1223384079
358352049570,ebayyh_1164096874,Yahoo Auctions,1164096874,https://page.auctions.yahoo.co.jp/jp/auction/1164096874
358369896020,ebayyh_1224028233,Yahoo Auctions,1224028233,https://page.auctions.yahoo.co.jp/jp/auction/1224028233
358369937671,ebayyh_s1046210112,Yahoo Auctions,s1046210112,https://page.auctions.yahoo.co.jp/jp/auction/s1046210112
358371037913,ebayyh_j1224031365,Yahoo Auctions,j1224031365,https://page.auctions.yahoo.co.jp/jp/auction/j1224031365
358371059203,ebayyh_o1223917962,Yahoo Auctions,o1223917962,https://page.auctions.yahoo.co.jp/jp/auction/o1223917962
358371068809,ebayyh_q1223902441,Yahoo Auctions,q1223902441,https://page.auctions.yahoo.co.jp/jp/auction/q1223902441
358377470398,ebayyh_g1213687976,Yahoo Auctions,g1213687976,https://page.auctions.yahoo.co.jp/jp/auction/g1213687976
358392022782,ebayyh_o1224683891,Yahoo Auctions,o1224683891,https://page.auctions.yahoo.co.jp/jp/auction/o1224683891
358392130696,ebayyh_k1224737330,Yahoo Auctions,k1224737330,https://page.auctions.yahoo.co.jp/jp/auction/k1224737330
358394434633,ebayyh_p1221413657,Yahoo Auctions,p1221413657,https://page.auctions.yahoo.co.jp/jp/auction/p1221413657
358394441765,ebayyh_m1217219358,Yahoo Auctions,m1217219358,https://page.auctions.yahoo.co.jp/jp/auction/m1217219358
358394558378,ebayyh_f1222778254,Yahoo Auctions,f1222778254,https://page.auctions.yahoo.co.jp/jp/auction/f1222778254
358394612770,ebayyh_o1215763902,Yahoo Auctions,o1215763902,https://page.auctions.yahoo.co.jp/jp/auction/o1215763902
358394645267,ebayme_27412233551,メルカリ,27412233551,https://jp.mercari.com/item/m27412233551
358394676827,ebayyh_f1222664756,Yahoo Auctions,f1222664756,https://page.auctions.yahoo.co.jp/jp/auction/f1222664756
358394702252,ebayyh_g1224816587,Yahoo Auctions,g1224816587,https://page.auctions.yahoo.co.jp/jp/auction/g1224816587
358395711070,ebayme_64853248651,メルカリ,64853248651,https://jp.mercari.com/item/m64853248651
358395752571,ebayyh_p1224858351,Yahoo Auctions,p1224858351,https://page.auctions.yahoo.co.jp/jp/auction/p1224858351
358395808963,ebayyh_w1211261773,Yahoo Auctions,w1211261773,https://page.auctions.yahoo.co.jp/jp/auction/w1211261773
